entity_id,bank_acc_hash,tax_id_hash,notary_id,emd_account_hash
23BHLPX0675U1ZK,544B3187E8BA,A370508CDD97,NOTARY-MP-109,017104DA07D0
23GCUTX7252Q1ZO,544B3187E8BA,AA72083EFCBA,NOTARY-MP-109,017104DA07D0
23EBVUR8571N1ZQ,544B3187E8BA,8F34FAF53ADC,NOTARY-MP-109,017104DA07D0
23JQWVX6607H1ZH,7779740E457C,344CF23281BF,NOTARY-MP-108,232F0B7FDF8E
23VOFVB0527C1ZQ,5DF36938305D,140DFA62E945,NOTARY-MP-113,7F10612D7987
23QCQLI7319D1ZE,8CA153ED1654,56FA27112F1C,NOTARY-MP-110,20C37576FC40
23HPBMX6358C1Z7,5C21646158A4,8B3F21161F5D,NOTARY-MP-101,C5CBFFC596BE
23DELMW4809B1Z1,F652F4338F22,440598F87CB1,NOTARY-MP-112,15A6FDF6D31F
23YPVKY2861S1ZW,E8130A3B71ED,55D08EBCB16E,NOTARY-MP-105,22F91C19BCBF
23BOFJU5100M1ZB,685872D71ACE,AF8A413EA05B,NOTARY-MP-114,4DDA6B07A826
23DPYRC3452D1ZQ,6163CF616499,EDEED115F57D,NOTARY-MP-119,EE94DD407E29
23PDGDK6977A1ZU,B20E496187D5,F93939325F1C,NOTARY-MP-106,650CA5BA3E10
23VDMQA0851M1ZD,F37253DE61DC,2EC28EDEEF04,NOTARY-MP-101,4222C5C8AF64
23LXBQY7227X1Z8,F652F4338F22,26470BEDBE09,NOTARY-MP-112,15A6FDF6D31F
23HDNIY2528O1ZL,5C21646158A4,E1C450CDBE47,NOTARY-MP-101,C5CBFFC596BE
23YOMST4756B1ZO,EE8289324A3E,2D732201888C,NOTARY-MP-115,770334F728AC
23KITVH0400W1Z6,685872D71ACE,DB2D63065D24,NOTARY-MP-114,4DDA6B07A826
23GHTDC2902L1Z8,EE8289324A3E,3E92F3633722,NOTARY-MP-115,770334F728AC
23KQHIR2558J1ZC,3DE81BD7FE44,396B27148956,NOTARY-MP-109,1E4A306E02F6
23RGDHF6029E1ZE,6F64605451EA,7C1AF0F1A471,NOTARY-MP-113,F0B4F117C9C0
23QGUHB3773T1ZT,91E7CD6D3A4B,1D773B8AF14E,NOTARY-MP-116,814FCB98B29B
23FEZMC0634J1ZE,1EC2899E059B,8C5811DFFC06,NOTARY-MP-112,7306F16B3144
23NZKGM9894E1ZZ,BA659089E769,5B0E1676E748,NOTARY-MP-104,0FC7241BA340
23MYIXR1872Q1ZG,1EC2899E059B,2EC73A4D41EB,NOTARY-MP-112,7306F16B3144
23CKOCB8340D1ZC,91E7CD6D3A4B,FD677769D538,NOTARY-MP-116,814FCB98B29B
23TSSUM2286M1Z5,3DE81BD7FE44,4CE4E817FF8E,NOTARY-MP-109,1E4A306E02F6
23JWRLZ1040W1Z5,351781656D8B,D9C949626F58,NOTARY-MP-106,911B9B517378
23NPKPN3733S1Z3,685872D71ACE,44251E9F4408,NOTARY-MP-114,4DDA6B07A826
23JZCJA2830D1ZQ,E2DD7F0DBBD7,1733E3B5CA27,NOTARY-MP-101,A961F96B1B90
23EDKEB6539F1Z5,BA659089E769,56B11BD79048,NOTARY-MP-104,0FC7241BA340
23UPNKV3607N1ZT,E2DD7F0DBBD7,DE42FADA3C7A,NOTARY-MP-101,A961F96B1B90
23VKASX4991E1ZC,BA659089E769,01E8E9F53BF8,NOTARY-MP-104,0FC7241BA340
23THSTJ9483A1Z9,E855F943BC12,863B89CC3555,NOTARY-MP-103,6BE20386BE9D
23DPUEI9765O1ZM,4A71220578E9,08310972E72C,NOTARY-MP-105,47298221AA8D
23CRTPI0249D1ZI,BA659089E769,1E087A61825F,NOTARY-MP-104,0FC7241BA340
23ZSIFI6672S1ZU,3DE81BD7FE44,6D0145CFC6AE,NOTARY-MP-109,1E4A306E02F6
23MXQDI2933R1Z9,742C042FAE96,6A7C362884F7,NOTARY-MP-106,4055D21F0FBD
23VNWOM7740N1ZT,3DE81BD7FE44,B8CFB9206803,NOTARY-MP-109,1E4A306E02F6
23JOZDF0452K1ZH,4A71220578E9,B36E0FA2666D,NOTARY-MP-105,47298221AA8D
23UILLS1931J1ZY,E8130A3B71ED,35D841CAEF75,NOTARY-MP-105,22F91C19BCBF
23KBRSS2056R1ZV,F652F4338F22,AC06BB545BC4,NOTARY-MP-112,15A6FDF6D31F
23UGFIL7711I1ZP,0B18F51A7380,46EE275E409B,NOTARY-MP-109,56029285BCB9
23DLCKE0983N1ZB,E8130A3B71ED,D2100684F93C,NOTARY-MP-105,22F91C19BCBF
23RHYIJ8596E1ZX,0B18F51A7380,7342EE9F380C,NOTARY-MP-109,56029285BCB9
23MUTWH6274P1ZR,6163CF616499,F903C9EC45A0,NOTARY-MP-119,EE94DD407E29
23IAZIG3511W1ZH,7D0C9BC24ACD,5C99183E3934,NOTARY-MP-118,3975D4DA14A2
23YVZDN8099P1ZV,B20E496187D5,6ADDEBB25917,NOTARY-MP-106,650CA5BA3E10
23KXIAT8058M1Z5,9B725BAD1907,CF3D32546FAD,NOTARY-MP-103,338990C9B08B
23IPZHZ6101K1ZD,F37253DE61DC,AD7D3FEAF51C,NOTARY-MP-101,4222C5C8AF64
23VYOZS3291W1ZH,20408220151F,974C361E8810,NOTARY-MP-110,CA48A4BE35F8
23ZIAOF2808I1ZM,4A71220578E9,C464E097C5EA,NOTARY-MP-105,47298221AA8D
23GVGCR8316C1Z8,E8130A3B71ED,D8C9622DF268,NOTARY-MP-105,22F91C19BCBF
23OXKTH6843S1ZJ,0B18F51A7380,4CA04B35DBD1,NOTARY-MP-109,56029285BCB9
23UFNCT6024H1ZV,1EC2899E059B,E2F59CD7A90C,NOTARY-MP-112,7306F16B3144
23CEVNN7460X1ZD,E8130A3B71ED,CF1F4CCF609A,NOTARY-MP-105,22F91C19BCBF
23PQVUP4756W1Z8,958882AF7678,1B4E9494B449,NOTARY-MP-113,A871954E9862
23NHCIB2456J1ZB,1EC2899E059B,1363338A07D6,NOTARY-MP-112,7306F16B3144
23VTQEU9059C1ZO,9B725BAD1907,875674C68E9C,NOTARY-MP-103,338990C9B08B
23IBXYS3873L1Z7,685872D71ACE,D1735DCC6C6A,NOTARY-MP-114,4DDA6B07A826
23DONZZ4094C1ZB,4A71220578E9,7A021D7C35F3,NOTARY-MP-105,47298221AA8D
23RXEYO2561Q1ZA,685872D71ACE,19CF392AF89D,NOTARY-MP-114,4DDA6B07A826
23ZJEQD5962R1ZX,958882AF7678,6D544FF930A6,NOTARY-MP-113,A871954E9862
23MQSZH1307M1ZM,E8130A3B71ED,4BADB6EE8337,NOTARY-MP-105,22F91C19BCBF
23IYBSK9427P1ZC,FBF3180BF818,5A589876A7DE,NOTARY-MP-116,645DCA94BEED
23IXNTC9377A1ZW,3DE81BD7FE44,FDFDCF81B846,NOTARY-MP-109,1E4A306E02F6
23YBDQO6210O1Z2,351781656D8B,B7F28753D2DF,NOTARY-MP-106,911B9B517378
23WVXWR4500B1ZI,E2DD7F0DBBD7,944600DF3282,NOTARY-MP-101,A961F96B1B90
23PJSUI0331R1ZS,3DE81BD7FE44,5F040F212FF0,NOTARY-MP-109,1E4A306E02F6
23OHJNE5566O1ZV,9B725BAD1907,2569019971CA,NOTARY-MP-103,338990C9B08B
23DMKQZ6487L1ZO,3DE81BD7FE44,16863682A34D,NOTARY-MP-109,1E4A306E02F6
23JLFTD8085T1ZU,958882AF7678,48D4D9E19B6A,NOTARY-MP-113,A871954E9862
23DKEZR6736S1Z3,F37253DE61DC,0F13A82716F5,NOTARY-MP-101,4222C5C8AF64
23RJYEZ6204I1ZZ,BEF7592FAC7F,3AC8402BC2F3,NOTARY-MP-103,7DEFF9C9E92A
23BCAZD9391K1ZF,FBF3180BF818,7F95E888B382,NOTARY-MP-116,645DCA94BEED
23TTZMV9701I1ZI,E855F943BC12,BDE14E10FB26,NOTARY-MP-103,6BE20386BE9D
23MVXMP5477E1ZC,BA659089E769,CA76767E90FC,NOTARY-MP-104,0FC7241BA340
23VLDTF6790W1ZO,E2DD7F0DBBD7,36902E6648E6,NOTARY-MP-101,A961F96B1B90
23OMDAU7577C1ZV,FBCF05687F38,7149B08FA95E,NOTARY-MP-111,D0B316BED7D1
23SIJXL7013Y1ZB,7D0C9BC24ACD,3748B6CED4D5,NOTARY-MP-118,3975D4DA14A2
23OYSON7624X1ZB,0B18F51A7380,4F426C69A3CF,NOTARY-MP-109,56029285BCB9
23JMPNE1684V1Z7,E2DD7F0DBBD7,CE9497EDFE25,NOTARY-MP-101,A961F96B1B90
23FRMWN5327F1Z1,958882AF7678,7BEE0EBF03B7,NOTARY-MP-113,A871954E9862
23SMQVH7822N1ZX,91E7CD6D3A4B,A2AD9C8AA593,NOTARY-MP-116,814FCB98B29B
23ZGFOU8853S1Z1,F37253DE61DC,1B148AD9C1A6,NOTARY-MP-101,4222C5C8AF64
23FZPOG6074Z1ZI,FBCF05687F38,4A24276916F5,NOTARY-MP-111,D0B316BED7D1
23CQHGH2573Q1Z9,BA659089E769,AEC46275BD90,NOTARY-MP-104,0FC7241BA340
23DLTST0114O1Z1,9B725BAD1907,B2A6C26A06E6,NOTARY-MP-103,338990C9B08B
23KOXQG2959I1ZQ,E2DD7F0DBBD7,F1C8D72792F0,NOTARY-MP-101,A961F96B1B90
23BOOLD7858U1ZQ,1EC2899E059B,B46B37D14A0F,NOTARY-MP-112,7306F16B3144
23EBLNM7625H1ZH,EE8289324A3E,F09C646479BB,NOTARY-MP-115,770334F728AC
23EHOWP4519A1ZO,6F64605451EA,A6AC7841FADA,NOTARY-MP-113,F0B4F117C9C0
23PQRND9076T1ZL,FBCF05687F38,0BD73BE851C3,NOTARY-MP-111,D0B316BED7D1
23ZBQUR9427Z1Z2,1EC2899E059B,E7C149FBE5A8,NOTARY-MP-112,7306F16B3144
23WLYUO0809B1Z6,91E7CD6D3A4B,F1453F0B754B,NOTARY-MP-116,814FCB98B29B
23VLJUW9369I1ZK,20408220151F,C85A65017482,NOTARY-MP-110,CA48A4BE35F8
23CMXKD0549Y1ZO,351781656D8B,2F1FCC0252A5,NOTARY-MP-106,911B9B517378
23QUMJP6517U1ZW,857ACB055728,D8D9E427DEB9,NOTARY-MP-113,B6DF326CD9CF
23VGSNE8095M1ZF,E855F943BC12,A635B3B3EA0E,NOTARY-MP-103,6BE20386BE9D
23JLPLF3681B1Z1,1EC2899E059B,146C407B63B0,NOTARY-MP-112,7306F16B3144
23EFJSN9420U1Z2,857ACB055728,60BFF6A59E6A,NOTARY-MP-113,B6DF326CD9CF
23SYUPA3275X1ZS,742C042FAE96,3B990EC6A8B0,NOTARY-MP-106,4055D21F0FBD
23WMZEM2599N1ZC,9B725BAD1907,356566DEA937,NOTARY-MP-103,338990C9B08B
23ELUML0866V1ZB,351781656D8B,B7356AA1C8C3,NOTARY-MP-106,911B9B517378
23MGCYQ6298C1ZQ,6F64605451EA,50276010A444,NOTARY-MP-113,F0B4F117C9C0
23CZVVM3597S1ZJ,685872D71ACE,9C42A905C31B,NOTARY-MP-114,4DDA6B07A826
23YLASP7995X1ZU,7D0C9BC24ACD,2D8BA3031838,NOTARY-MP-118,3975D4DA14A2
23XVSTQ1913B1ZI,6F64605451EA,262D8474BED9,NOTARY-MP-113,F0B4F117C9C0
23ZXMIR7280G1ZJ,351781656D8B,6F425335AD5F,NOTARY-MP-106,911B9B517378
23WLNNI9014T1ZH,6F64605451EA,2AB5B012CD14,NOTARY-MP-113,F0B4F117C9C0
23MMGKV2636Z1ZO,91E7CD6D3A4B,56C95834B257,NOTARY-MP-116,814FCB98B29B
23BIKZL7344R1ZI,E855F943BC12,D1087AB217AE,NOTARY-MP-103,6BE20386BE9D
23NCVXB0227Y1ZE,3DE81BD7FE44,A2A354479CD4,NOTARY-MP-109,1E4A306E02F6
23EDGPB3686O1ZC,3F14118241E8,04B7BEF8B97A,NOTARY-MP-119,8EAC2663494D
23SBDDO8317D1ZQ,7D0C9BC24ACD,DBB534921389,NOTARY-MP-118,3975D4DA14A2
23VCNHG8983K1Z6,9B725BAD1907,8AABE75E6A22,NOTARY-MP-103,338990C9B08B
23SSAEB3993Z1Z3,742C042FAE96,714DEAAD9FF0,NOTARY-MP-106,4055D21F0FBD
23PDSUB6865K1ZW,20408220151F,95E7DFA6F6A4,NOTARY-MP-110,CA48A4BE35F8
23IHIGE8902M1ZJ,9B725BAD1907,B174EFF90339,NOTARY-MP-103,338990C9B08B
23AMMCK0295L1ZV,0B18F51A7380,7C6A1F4C39F0,NOTARY-MP-109,56029285BCB9
23XGPMS3456X1ZR,958882AF7678,FD9C6CD28CB3,NOTARY-MP-113,A871954E9862
23TYPZX5019M1ZN,F37253DE61DC,CAF1D78AFC01,NOTARY-MP-101,4222C5C8AF64
23QCZVM6579O1ZX,E8130A3B71ED,0B8D8D9E4ADD,NOTARY-MP-105,22F91C19BCBF
23OIGRI2849G1Z5,4EF51399453E,7478EFDDC80B,NOTARY-MP-114,34BC3F293FF0
23YGCBO0769E1Z6,FE9BD131F23D,A13914220D00,NOTARY-MP-110,5CDE5ACA55BD
23YFHRZ3056R1ZK,4A71220578E9,9B1964042F4C,NOTARY-MP-105,47298221AA8D
23UBCUX2332M1Z1,1EC2899E059B,D89DE1FD0DB8,NOTARY-MP-112,7306F16B3144
23FEHCO2361A1Z8,91E7CD6D3A4B,F718ACA1A70D,NOTARY-MP-116,814FCB98B29B
23DPBPK1694A1ZD,4EF51399453E,A42C52DB3AB4,NOTARY-MP-114,34BC3F293FF0
23RHTAV9667B1ZT,6F64605451EA,2A5CEE0D9A81,NOTARY-MP-113,F0B4F117C9C0
23ZLJYV3387D1Z6,B20E496187D5,B5E434B30C0D,NOTARY-MP-106,650CA5BA3E10
23GPXVH1115O1ZZ,6163CF616499,D4B231C9EFBC,NOTARY-MP-119,EE94DD407E29
23MVFJR6186R1Z3,857ACB055728,B9816ED7FE81,NOTARY-MP-113,B6DF326CD9CF
23ROTQS2099R1Z5,958882AF7678,D888A420150D,NOTARY-MP-113,A871954E9862
23ZEKND1081E1ZD,EE8289324A3E,306F90FADE0D,NOTARY-MP-115,770334F728AC
23QBESS8123P1Z5,742C042FAE96,B356B00D1B9D,NOTARY-MP-106,4055D21F0FBD
23MFIDL8751L1ZA,9B725BAD1907,AC70E7D02750,NOTARY-MP-103,338990C9B08B
23FLQIL3511U1Z9,6F64605451EA,25BB4D0F6136,NOTARY-MP-113,F0B4F117C9C0
23SOMNN2364T1ZM,5C21646158A4,78C008F1E982,NOTARY-MP-101,C5CBFFC596BE
23QMFPN8128Q1ZA,BEF7592FAC7F,A24A8308CDAD,NOTARY-MP-103,7DEFF9C9E92A
23MNCFK7864A1Z7,6F64605451EA,20A6D9506E40,NOTARY-MP-113,F0B4F117C9C0
23QJJWB6121F1ZZ,0B18F51A7380,216361BF2CB7,NOTARY-MP-109,56029285BCB9
23HBGGU8028G1ZG,BEF7592FAC7F,C17137A03616,NOTARY-MP-103,7DEFF9C9E92A
23BLYXJ5579P1Z7,9B725BAD1907,3A6CA83C6ECE,NOTARY-MP-103,338990C9B08B
23QNCQR2950J1Z7,6F64605451EA,5B29FFB0C0C7,NOTARY-MP-113,F0B4F117C9C0
23FNOWS3130C1Z5,3DE81BD7FE44,6E6364A031EF,NOTARY-MP-109,1E4A306E02F6
23SXHFL2350K1Z1,685872D71ACE,97B82F1F8844,NOTARY-MP-114,4DDA6B07A826
23OCSGU1310K1ZF,0B18F51A7380,5C7F789C1331,NOTARY-MP-109,56029285BCB9
23EGTIG7637T1ZO,6163CF616499,B344FA94C043,NOTARY-MP-119,EE94DD407E29
23ZIZKJ1338M1ZN,1EC2899E059B,23BEDA7A8222,NOTARY-MP-112,7306F16B3144
23EWRRN7390V1ZU,3F14118241E8,80DFE84BD553,NOTARY-MP-119,8EAC2663494D
23BVCJM1026B1ZZ,7D0C9BC24ACD,1B318FBD18E6,NOTARY-MP-118,3975D4DA14A2
23YNCDM9943N1ZJ,3F14118241E8,1894A1239B36,NOTARY-MP-119,8EAC2663494D
23ODXMZ4175A1Z7,351781656D8B,FC53AB754EF4,NOTARY-MP-106,911B9B517378
23QMMWM8109E1Z5,EE8289324A3E,A5ED77B04FA0,NOTARY-MP-115,770334F728AC
23PZHLQ3758W1ZT,6F64605451EA,35DCD182BE9D,NOTARY-MP-113,F0B4F117C9C0
23YHPOR8951Z1Z8,EE8289324A3E,3CB90FE1BB78,NOTARY-MP-115,770334F728AC
23GESFJ6779I1ZQ,FBCF05687F38,9E36594CF891,NOTARY-MP-111,D0B316BED7D1
23AAJGN5926R1ZI,3DE81BD7FE44,2084027CCEA4,NOTARY-MP-109,1E4A306E02F6
23DEURP0041Y1ZO,685872D71ACE,A8C2EBA6F8E9,NOTARY-MP-114,4DDA6B07A826
23SDDNC7009Z1ZL,857ACB055728,BAB54950715B,NOTARY-MP-113,B6DF326CD9CF
23SYRSB7785E1Z7,BEF7592FAC7F,B01DF3ED5899,NOTARY-MP-103,7DEFF9C9E92A
23OWSUJ4394Z1Z0,FBCF05687F38,41DFC52FA429,NOTARY-MP-111,D0B316BED7D1
23CEALF1601Y1Z0,20408220151F,F75551F1CB7F,NOTARY-MP-110,CA48A4BE35F8
23MMYJV9490E1ZA,F652F4338F22,2065EBAA4DDA,NOTARY-MP-112,15A6FDF6D31F
23YADTW4686G1ZD,3F14118241E8,2FCEDFBA5276,NOTARY-MP-119,8EAC2663494D
23GUXRO5458O1ZD,B20E496187D5,15AC10E586AC,NOTARY-MP-106,650CA5BA3E10
23OIZNG5844X1ZI,FBCF05687F38,D4799A6F6105,NOTARY-MP-111,D0B316BED7D1
23BIGGC8091W1ZP,FBF3180BF818,C18C4DB2E94D,NOTARY-MP-116,645DCA94BEED
23JSTCF5248G1Z8,B20E496187D5,F24ACAB2404B,NOTARY-MP-106,650CA5BA3E10
23XZVSA8156M1ZF,20408220151F,59617A37A97D,NOTARY-MP-110,CA48A4BE35F8
23IJBAG7339L1ZC,B20E496187D5,B5B3567801C2,NOTARY-MP-106,650CA5BA3E10
23TCLMZ6594F1ZS,FBCF05687F38,583C3D44CBB7,NOTARY-MP-111,D0B316BED7D1
23IZOLU2839H1ZB,4EF51399453E,E1684448F0A5,NOTARY-MP-114,34BC3F293FF0
23GYDJO4705J1ZE,F652F4338F22,7E9286B647C9,NOTARY-MP-112,15A6FDF6D31F
23HPLBD7901X1ZJ,0B18F51A7380,6A8321BA5291,NOTARY-MP-109,56029285BCB9
23YVHGB5075L1ZK,E8130A3B71ED,390599B0762A,NOTARY-MP-105,22F91C19BCBF
23DEBIJ7409A1ZZ,5C21646158A4,1A1878B5B87A,NOTARY-MP-101,C5CBFFC596BE
23AKXUW7689F1ZY,FBCF05687F38,CE4AD90F17ED,NOTARY-MP-111,D0B316BED7D1
23TXJLL7164M1Z4,F652F4338F22,640466599166,NOTARY-MP-112,15A6FDF6D31F
23EHSEX8176H1ZX,3DE81BD7FE44,F4AFC621A126,NOTARY-MP-109,1E4A306E02F6
23JQLUQ6365K1Z9,0B18F51A7380,BA2A99802A86,NOTARY-MP-109,56029285BCB9
23XMACR1031L1ZC,E8130A3B71ED,BA50AAF340D2,NOTARY-MP-105,22F91C19BCBF
23DJSGD1380D1ZC,3DE81BD7FE44,CCA7898D0D2B,NOTARY-MP-109,1E4A306E02F6
23DIFZZ3240B1ZP,FE9BD131F23D,4DE6E6B2D964,NOTARY-MP-110,5CDE5ACA55BD
23ZVBNA0568G1ZK,EE8289324A3E,EED9E504B942,NOTARY-MP-115,770334F728AC
23TQYOG5972U1Z0,351781656D8B,1DE0A322544D,NOTARY-MP-106,911B9B517378
23UCWKS3416R1ZS,6F64605451EA,E2649C4C53F1,NOTARY-MP-113,F0B4F117C9C0
23XZQQA6111L1ZS,20408220151F,2EA72644224D,NOTARY-MP-110,CA48A4BE35F8
23VRUXB6225P1ZR,685872D71ACE,B1520BB33349,NOTARY-MP-114,4DDA6B07A826
23ZREBD1411C1Z8,3DE81BD7FE44,ACACB7CF32EE,NOTARY-MP-109,1E4A306E02F6
23VWFGP5519Z1ZF,3F14118241E8,644D030688FF,NOTARY-MP-119,8EAC2663494D
23YVEIO2808G1ZU,351781656D8B,5C0FA8488563,NOTARY-MP-106,911B9B517378
23MTQAA0427Y1ZY,EE8289324A3E,6AD5929A9FAD,NOTARY-MP-115,770334F728AC
23VCNOY9415U1ZR,FBF3180BF818,0A7E503B5E93,NOTARY-MP-116,645DCA94BEED
23JSHKZ6940F1ZG,351781656D8B,34C8230F5B23,NOTARY-MP-106,911B9B517378
23AKXKX6671W1ZA,3F14118241E8,536AE136A6F2,NOTARY-MP-119,8EAC2663494D
23BFSNZ2564Q1ZL,E855F943BC12,FF745275D830,NOTARY-MP-103,6BE20386BE9D
23KLVBN6446V1Z8,857ACB055728,B6B944E28A9B,NOTARY-MP-113,B6DF326CD9CF
23NSTJD3153G1ZN,351781656D8B,8FEB60D2029C,NOTARY-MP-106,911B9B517378
23KGQEU4218I1ZQ,351781656D8B,487C0545AE57,NOTARY-MP-106,911B9B517378
23DMNCU7938U1ZJ,3DE81BD7FE44,FEF3058594CF,NOTARY-MP-109,1E4A306E02F6
23DCSTR3394M1Z4,9B725BAD1907,E4A38636D54A,NOTARY-MP-103,338990C9B08B
23INMNZ9797A1ZR,6F64605451EA,CAA32CFF28BD,NOTARY-MP-113,F0B4F117C9C0
23NBTZI0938C1ZU,4A71220578E9,3209EE7BF587,NOTARY-MP-105,47298221AA8D
23DLKZL8265Z1ZQ,E8130A3B71ED,4E841EDF8710,NOTARY-MP-105,22F91C19BCBF
23CMJNX5629T1ZT,1EC2899E059B,65497253E48F,NOTARY-MP-112,7306F16B3144
23YJUGO1551J1ZE,BEF7592FAC7F,80999F93E686,NOTARY-MP-103,7DEFF9C9E92A
23CEHHL0971P1ZX,5C21646158A4,BD7450968855,NOTARY-MP-101,C5CBFFC596BE
23BBQLU3267E1ZO,EE8289324A3E,82F5621700AE,NOTARY-MP-115,770334F728AC
23YODLH6655U1ZD,0B18F51A7380,AE884E21E2CC,NOTARY-MP-109,56029285BCB9
23YGOHR8806N1ZR,4A71220578E9,AC7C9C0E0A74,NOTARY-MP-105,47298221AA8D
23KCXVQ9506H1ZC,7D0C9BC24ACD,9CE4575E2FCA,NOTARY-MP-118,3975D4DA14A2
23RJEJH8237Q1ZK,F652F4338F22,BE88FA0DA363,NOTARY-MP-112,15A6FDF6D31F
23AJCKM7208R1ZS,5C21646158A4,4DD744E64BDD,NOTARY-MP-101,C5CBFFC596BE
23NVWTT9120P1Z2,7D0C9BC24ACD,23F65C71112E,NOTARY-MP-118,3975D4DA14A2
23XUISZ6773X1ZO,958882AF7678,B16A8EAB43F1,NOTARY-MP-113,A871954E9862
23CZCTB9765K1ZV,EE8289324A3E,009ED708D37E,NOTARY-MP-115,770334F728AC
23DPFSE2203S1ZD,3DE81BD7FE44,4B40DBED7090,NOTARY-MP-109,1E4A306E02F6
23ZCWJE7990W1ZP,FBCF05687F38,9614BEA814F4,NOTARY-MP-111,D0B316BED7D1
23SEVXN5779D1Z8,B20E496187D5,88F44E5113E6,NOTARY-MP-106,650CA5BA3E10
23ZTZNV3767B1ZP,685872D71ACE,D6FBFBFF983B,NOTARY-MP-114,4DDA6B07A826
23FGUHZ4978F1ZW,4EF51399453E,3F9895ED8F40,NOTARY-MP-114,34BC3F293FF0
23QXDIX9192N1Z5,6F64605451EA,B3802D8C85DF,NOTARY-MP-113,F0B4F117C9C0
23TLIXA9016M1Z7,6163CF616499,C506D04212DA,NOTARY-MP-119,EE94DD407E29
23GOCID3761E1Z4,857ACB055728,A93A25B423D7,NOTARY-MP-113,B6DF326CD9CF
23QHLPJ9663G1ZA,E855F943BC12,EA6308B95A92,NOTARY-MP-103,6BE20386BE9D
23ODOVR7834Q1ZV,7D0C9BC24ACD,1A3A857A32B0,NOTARY-MP-118,3975D4DA14A2
23BWKMC2497W1ZC,E855F943BC12,69FEFCEDCFC5,NOTARY-MP-103,6BE20386BE9D
23DLDQA2336C1ZK,FE9BD131F23D,67888332D5C1,NOTARY-MP-110,5CDE5ACA55BD
23KTFRR3430E1ZZ,F652F4338F22,28747DDF16AE,NOTARY-MP-112,15A6FDF6D31F
23PJDIU2082S1ZP,4A71220578E9,A83E90EFA32D,NOTARY-MP-105,47298221AA8D
23AEAKY2354M1Z9,BA659089E769,29BE54D14643,NOTARY-MP-104,0FC7241BA340
23ZPRWG6841A1ZG,7D0C9BC24ACD,D8C439426D2A,NOTARY-MP-118,3975D4DA14A2
23BOIOS7906H1Z4,3F14118241E8,8290BD514D0D,NOTARY-MP-119,8EAC2663494D
23CUXZG6197G1ZG,FBCF05687F38,5671D938380E,NOTARY-MP-111,D0B316BED7D1
23LUZAY3880H1ZC,B20E496187D5,52C5016BD35A,NOTARY-MP-106,650CA5BA3E10
23XFOHW5499H1Z1,FBF3180BF818,E99660694EBD,NOTARY-MP-116,645DCA94BEED
23JNCBX9456D1Z2,EE8289324A3E,3CB50BF2DB76,NOTARY-MP-115,770334F728AC
23UVHRI5675V1Z0,F652F4338F22,06DA3354AB89,NOTARY-MP-112,15A6FDF6D31F
23HPTIR9671B1ZL,EE8289324A3E,D309F8561FB4,NOTARY-MP-115,770334F728AC
23CUHHN2876E1ZZ,7D0C9BC24ACD,CAB0D7C01669,NOTARY-MP-118,3975D4DA14A2
23VSNCZ8763D1Z1,685872D71ACE,E699CC31C449,NOTARY-MP-114,4DDA6B07A826
23MBJFK4731U1ZB,9B725BAD1907,02377562C78E,NOTARY-MP-103,338990C9B08B
23TGNCW2478E1ZN,0B18F51A7380,5C5D96FA940A,NOTARY-MP-109,56029285BCB9
23BZQOL6948X1Z7,BA659089E769,8409363433F5,NOTARY-MP-104,0FC7241BA340
23AWAJM6803Y1Z1,4EF51399453E,4A8DD8DFF533,NOTARY-MP-114,34BC3F293FF0
23QSNYW0468G1ZR,5C21646158A4,D158511A0475,NOTARY-MP-101,C5CBFFC596BE
23FYKSS7006T1ZX,FBCF05687F38,82B98F063EDE,NOTARY-MP-111,D0B316BED7D1
23ZQIFB3841X1ZM,F37253DE61DC,0A404CB7D80A,NOTARY-MP-101,4222C5C8AF64
23ATNJH3225M1ZH,EE8289324A3E,371284EB5D73,NOTARY-MP-115,770334F728AC
67111102,B05F02898059,A05A3ADAAA44,NOTARY-MP-116,N/A
45717388,0F27F2754EC9,0873A0F97046,NOTARY-MP-116,N/A
17455782,8EBEA6A5A494,19373041B541,NOTARY-MP-117,N/A
47701017,6114B8DFB46A,762DCEC1401A,NOTARY-MP-111,N/A
95173642,48F6D6EE1CA1,2247BAAB4F69,NOTARY-MP-118,N/A
73479699,90C9122DD885,838B7CE436EB,NOTARY-MP-101,N/A
96142040,0A9A3121FEB7,1ACA5AF51D6E,NOTARY-MP-108,N/A
81263161,33753E21A1A8,B7C5F48D6808,NOTARY-MP-113,N/A
35244457,4AFBF30E5955,EF7E2B6CDF2B,NOTARY-MP-116,N/A
87808235,D7037D53FA3D,2F130CA1EAB6,NOTARY-MP-113,N/A
31496469,7CC410A6EBC8,AF66B89D5646,NOTARY-MP-113,N/A
73914046,3EAAD22C9E46,285B19240964,NOTARY-MP-115,N/A
83629251,A1EF4FDA67AE,7113D3C7F2C3,NOTARY-MP-101,N/A
48001236,CFA05DC6A922,24E4026C3FCE,NOTARY-MP-104,N/A
81463776,1C3F999FFE22,EA577DFBA367,NOTARY-MP-105,N/A
34473992,DDB9CCF5F442,3B22B8D15C14,NOTARY-MP-108,N/A
71182444,C7EA24024DC4,9FAEC2F7B5E1,NOTARY-MP-108,N/A
48249483,6DDE8822181D,00F925FEC17E,NOTARY-MP-108,N/A
61605996,D6208169B5A3,51C4F758E51E,NOTARY-MP-103,N/A
65024059,322EAAE554F0,6524DFE500DB,NOTARY-MP-102,N/A
77863913,19B115435725,D4C8E0FDAB0F,NOTARY-MP-105,N/A
95067923,0F0E03F81E62,405B8F40F7BD,NOTARY-MP-113,N/A
19145057,A19089046E97,CD033571A319,NOTARY-MP-117,N/A
98815777,DC8C413FDDCC,BBBA47CFEF7E,NOTARY-MP-118,N/A
63774716,394225F34C0B,7E87DF8151AF,NOTARY-MP-109,N/A
54280703,70241882EA10,7531985F0F59,NOTARY-MP-116,N/A
34464542,A27811E5BA8B,B11197C9007A,NOTARY-MP-101,N/A
38761460,E6EAB78827CA,4F912442EF6D,NOTARY-MP-104,N/A
68601473,C234A813649F,C1C519848BA9,NOTARY-MP-119,N/A
81545372,E9744CABE0FE,6FC4BD144F44,NOTARY-MP-101,N/A
71104685,A96EFDBD144D,C12D94CC7A0B,NOTARY-MP-114,N/A
69890877,514126FDA1D0,C9285D745CAD,NOTARY-MP-104,N/A
67773300,376AEA8B77D8,55522194320A,NOTARY-MP-109,N/A
20427207,F8F6F1589D46,6658A14308F7,NOTARY-MP-110,N/A
37088254,8E83E4883EB1,C8B755857F36,NOTARY-MP-101,N/A
33054268,C01E36F987B6,BCD23972EF5F,NOTARY-MP-106,N/A
97092974,82ED70DCE78E,2DEA3E77B420,NOTARY-MP-118,N/A
47887525,9BA20E4AAC8E,BC9C13FF5C8C,NOTARY-MP-105,N/A
37029837,B8948088A423,90F037A29E0C,NOTARY-MP-118,N/A
92633189,1F777018F990,69079439B53F,NOTARY-MP-114,N/A
63061341,FCE6F8809BEA,8EBD509CEC33,NOTARY-MP-110,N/A
31192941,861C3E084001,B0A6FCCD3C3B,NOTARY-MP-106,N/A
51476960,38BD8091928F,DD703EE7BD82,NOTARY-MP-104,N/A
81945277,49C8517DC2EF,AB2B2AD48946,NOTARY-MP-101,N/A
62795493,6278C5504192,5C7143C39CC8,NOTARY-MP-106,N/A
80991489,ADE60549B206,C7A5A79C7314,NOTARY-MP-118,N/A
75964760,CCEA3F2A87EF,2E1E691710BA,NOTARY-MP-102,N/A
46734327,650B1BFA45B2,0679272B3EA3,NOTARY-MP-103,N/A
20563055,622A0FE1551A,327DB8D70C75,NOTARY-MP-112,N/A
55317030,EFCB52C5E804,FDB0969F07B1,NOTARY-MP-111,N/A
76890580,89C5807370F4,331CD4FCF255,NOTARY-MP-103,N/A
82758773,C7EAA84B1AF0,8903216A9B30,NOTARY-MP-118,N/A
19547186,18FE5B9007DF,8F34DFF53B9A,NOTARY-MP-103,N/A
84111502,9722C797257E,76565956E471,NOTARY-MP-118,N/A
14331195,70F65AF32479,14D324CCB307,NOTARY-MP-109,N/A
18169670,0216FED493D8,01DFB571441C,NOTARY-MP-118,N/A
46338432,F91D70F07055,B8245AAD1D9D,NOTARY-MP-113,N/A
82159566,A3D20500FA5E,2FBC50F43CB1,NOTARY-MP-115,N/A
83987421,DD1348434CAF,40FB846B4898,NOTARY-MP-103,N/A
19137656,7DFA027C48A2,E4B8F0C5BBD2,NOTARY-MP-116,N/A
45187956,167E8F14B7FF,5BFDCC9D079E,NOTARY-MP-106,N/A
46572111,5DDE0B29B67A,F75AB0022B5B,NOTARY-MP-112,N/A
93481666,47AFDAE8E33A,B94A713AB354,NOTARY-MP-113,N/A
46539884,71394613CF5B,62DD24D64259,NOTARY-MP-110,N/A
46284705,6CA3F44B3544,A40B47541965,NOTARY-MP-101,N/A
19575897,72B5441B3F6A,4B8B42180FEB,NOTARY-MP-108,N/A
82654638,B9D3016E94E0,4A95426C9412,NOTARY-MP-103,N/A
42862277,A8BCD9EE8309,C2B67B77A0AB,NOTARY-MP-107,N/A
52979551,E276DFA24824,BE09A86F0663,NOTARY-MP-108,N/A
16770298,9DE7A5B32A4A,86F8F42FA36D,NOTARY-MP-119,N/A
11608078,89232414CC0B,4472703BBF3F,NOTARY-MP-116,N/A
58024326,151FF843C876,C67411DCED47,NOTARY-MP-106,N/A
90949919,87A5B4E64355,7DC371A9AF9D,NOTARY-MP-119,N/A
58354235,A5661FE9E9E2,2EB468138C0B,NOTARY-MP-117,N/A
35659070,69253C206F53,96AC380B878E,NOTARY-MP-102,N/A
80012510,714317A9A6B5,DE2F793CDF71,NOTARY-MP-102,N/A
27168486,EDBF7499CCCF,A7197BF68012,NOTARY-MP-115,N/A
42498804,250EE93E7EB6,D5FDC2EE0806,NOTARY-MP-110,N/A
32503756,1574BDD87DF4,968D94684B7B,NOTARY-MP-101,N/A
83992967,7200B12237C7,34958A91EEC8,NOTARY-MP-101,N/A
91609166,314AF91DE011,94A5A0E5FAD8,NOTARY-MP-117,N/A
47097502,E7200B7C1C87,8522A068898A,NOTARY-MP-109,N/A
67464855,B1787CA9BD7D,13D49D8EE64B,NOTARY-MP-118,N/A
18989158,99AD492E4532,F8587E96D25C,NOTARY-MP-116,N/A
82303801,A68F9DDBD4C0,7A8DD69E0E03,NOTARY-MP-104,N/A
64304304,CB283BB382C3,B93C7C501CC3,NOTARY-MP-110,N/A
31479988,713146C307CF,01C3937D1F64,NOTARY-MP-102,N/A
54773189,9394FBB18258,10D8FFBE702E,NOTARY-MP-113,N/A
25995687,0249C4DD276B,3945234A3F74,NOTARY-MP-114,N/A
92782536,C451C4053053,79D34A290BD7,NOTARY-MP-104,N/A
54386093,1EC242EC3770,A101616FEE31,NOTARY-MP-118,N/A
16353965,472B75F48E45,8DA8EEDD54AF,NOTARY-MP-115,N/A
49316653,DCA2737C1772,36FE8554DA2E,NOTARY-MP-110,N/A
84017553,1F17B0D62C2C,9F79A88F97EB,NOTARY-MP-110,N/A
43531854,A48783BF75B8,6C961184F0A4,NOTARY-MP-107,N/A
81629170,D06F1B164C82,630A218EEA74,NOTARY-MP-111,N/A
58523123,EA56B789A7CA,BBCD101B7A07,NOTARY-MP-110,N/A
11882669,807DE269AA1B,9AB48482567C,NOTARY-MP-103,N/A
82770137,AEF5AC42530B,86B0CF6866A4,NOTARY-MP-102,N/A
16310195,331A6D6DC260,5AC69AEDF1A8,NOTARY-MP-112,N/A
55169739,88CB20568C75,3666E484E2D1,NOTARY-MP-113,N/A
97520393,148A227644AB,3264ED058F8C,NOTARY-MP-115,N/A
95347113,CAC540E11E3C,F99E04A126C9,NOTARY-MP-118,N/A
51571290,13752F65465F,8C3BA4A4F34E,NOTARY-MP-106,N/A
72545326,2CD161E27E85,4B2AEF3C5B0C,NOTARY-MP-112,N/A
48138333,134796ADD3CF,907F74F34F29,NOTARY-MP-106,N/A
91928218,C8DB9E965B29,E786BE536D37,NOTARY-MP-104,N/A
40131406,394DF327E0F2,1E6BA792B537,NOTARY-MP-106,N/A
28223852,3210729EC025,97E3053BD96A,NOTARY-MP-114,N/A
62720609,22687A987F85,DD9DB7ACE5B5,NOTARY-MP-119,N/A
43679429,DEE4C19DAC59,2F3D6157E750,NOTARY-MP-115,N/A
51728804,DB7C14035306,98E429BC0D07,NOTARY-MP-115,N/A
50776208,C413B6177185,2CD0A7772FE4,NOTARY-MP-111,N/A
92450905,7561DA393DE8,9D6639E31948,NOTARY-MP-105,N/A
95095666,7DE709F5EBF4,28B287663D02,NOTARY-MP-104,N/A
72134117,F260800E1432,4BB4EACAF6CC,NOTARY-MP-111,N/A
26280054,E8022495554E,6480874335C6,NOTARY-MP-111,N/A
39261697,71B635109EC0,232A9D04F9F0,NOTARY-MP-106,N/A
59972079,315A2538E1B7,7D1D400592E6,NOTARY-MP-107,N/A
56961600,CB47703AD946,38B2F3B30B28,NOTARY-MP-115,N/A
10111274,3BC1559E0E79,9EBF9F776D24,NOTARY-MP-103,N/A
38617731,03C6A56D4FE8,A9FDDF41C834,NOTARY-MP-110,N/A
23717720,7BB4EDAFAB26,36241736B716,NOTARY-MP-117,N/A
52705475,9CBC80193C87,9C060205D72B,NOTARY-MP-109,N/A
86939749,D665F30B5A26,643523524AD4,NOTARY-MP-114,N/A
63367337,0D019ACDB0C0,3D1128AEDE05,NOTARY-MP-106,N/A
66273991,0AAFD87C5C48,1531164D3A80,NOTARY-MP-116,N/A
12136332,32E8F97A4436,4FB5A080EB34,NOTARY-MP-102,N/A
38501288,FE77897B4C9D,7D4378FF820D,NOTARY-MP-113,N/A
63168867,65987704DF43,C9D1E5D2D9BD,NOTARY-MP-102,N/A
76612379,2252AD8DDCD3,AACE7E2FAF1F,NOTARY-MP-112,N/A
41935230,ADFABAE39D6B,DA8084897932,NOTARY-MP-116,N/A
41793781,0B12E9C010A6,2CFCD657F99C,NOTARY-MP-119,N/A
95135843,3F58405A5BAB,073AB1CF9FDA,NOTARY-MP-119,N/A
36893219,0BC33D521AC0,E01FC4CA04B4,NOTARY-MP-118,N/A
68727697,EFF10CEA7341,5385CDCF7472,NOTARY-MP-108,N/A
82793664,4847BEC5D281,5695D12E2C3C,NOTARY-MP-119,N/A
46333381,1CE33101A926,854B0FDCC2C9,NOTARY-MP-107,N/A
32889151,AD51703541C9,81E463DCC28B,NOTARY-MP-103,N/A
12111342,7B6835226E5D,332F55712F0B,NOTARY-MP-114,N/A
41998928,00AFE4E6F210,36BCEDB288F4,NOTARY-MP-104,N/A
26043558,C41C9D64B2C0,1B50110BD549,NOTARY-MP-106,N/A
78252543,3BCE05A362BA,0EFD690D68F7,NOTARY-MP-115,N/A
82610176,9C327360ED3A,9F5C9121947D,NOTARY-MP-119,N/A
41099915,1D82812ADF7D,C42DF25DE43E,NOTARY-MP-106,N/A
52869016,39D6B9501CEF,FD7F2AB37C78,NOTARY-MP-112,N/A
62314633,37639DF5AAB3,0B753445A693,NOTARY-MP-114,N/A
54079659,DAC517281254,B6875282EA3B,NOTARY-MP-114,N/A
59029748,7B7FF86CD15E,692556201312,NOTARY-MP-107,N/A
24471021,B6961711998F,4386E059FF01,NOTARY-MP-103,N/A
45489064,D99BB132D42B,7A85C4A9E06A,NOTARY-MP-102,N/A
84773639,84AED08DFADA,16EA21D1D432,NOTARY-MP-114,N/A
45610855,51D9EE00D91C,7BEB29285AC9,NOTARY-MP-113,N/A
31161126,DDEA34B0909F,469601EDFDCD,NOTARY-MP-108,N/A
89727882,69DA59562C67,5A325D517007,NOTARY-MP-119,N/A
66846824,C4E380E71D48,BD7C737EAD54,NOTARY-MP-108,N/A
32010211,0A06A4B31CC6,74EA20876D3C,NOTARY-MP-113,N/A
72706678,88137D17C47A,77423FE6E982,NOTARY-MP-117,N/A
29521705,498DF8802888,876AEEA4BD75,NOTARY-MP-118,N/A
25707651,870A5B8E2DC6,D2A64002FB4A,NOTARY-MP-117,N/A
30403486,642A440D53C9,426353AA9585,NOTARY-MP-119,N/A
32521905,15D4909965AE,6E1483BA8513,NOTARY-MP-108,N/A
44559420,2A4674FE1FED,D93E8E343426,NOTARY-MP-105,N/A
59526956,41FD0F541868,64E2A91866E0,NOTARY-MP-117,N/A
46165229,F6AD32AC5175,4CF6ADD19961,NOTARY-MP-116,N/A
70440462,79FD1EAB7B51,1C87994045C2,NOTARY-MP-105,N/A
56696843,46194E6B7514,4B31F9D18087,NOTARY-MP-105,N/A
29953232,DB0880525A64,0404D5C648CB,NOTARY-MP-116,N/A
75428707,C4AB263004F8,DA7FDFF70499,NOTARY-MP-104,N/A
86023930,3A6EDF25CDAF,3D20CF81FE79,NOTARY-MP-119,N/A
27958966,A050CEA44604,62570062965F,NOTARY-MP-104,N/A
52641028,EFA927E9A29C,E2A370F78C5D,NOTARY-MP-118,N/A
58240988,0454D97399EC,6F8327FBFF40,NOTARY-MP-112,N/A
42497617,839D183865F6,B4FE302CB2E1,NOTARY-MP-114,N/A
84740924,64FACF82254A,6B36C991A0BD,NOTARY-MP-116,N/A
35328180,65A2DFDCD371,986F7FEE3F50,NOTARY-MP-106,N/A
70172838,348937319321,B594F751E44F,NOTARY-MP-114,N/A
87690204,85D2226C687E,FC006CBF8757,NOTARY-MP-105,N/A
75934002,2CCA3A790678,184FE8DEFBA6,NOTARY-MP-110,N/A
47463913,E91D3B46588B,323C0FD6E8C3,NOTARY-MP-104,N/A
94047159,6197EE1BF34D,B698956A954B,NOTARY-MP-113,N/A
51207422,9DB49FBFAF93,0F772B4494FC,NOTARY-MP-102,N/A
83708828,A7A975343BFA,361B6777AB54,NOTARY-MP-112,N/A
