tender_id,dept_name,year,tender_num,location,pincode,est_value_in_cr,publish_date
UADD-2024-001,UADD,2024,1,Indore,452001,43.48,2024-05-10
MPMKVV-2024-001,MPMKVV,2024,1,Indore,452001,8.92,2024-09-08
PHED-2024-001,PHED,2024,1,Jabalpur,482001,38.89,2024-11-01
PWD-2024-001,PWD,2024,1,Indore,452001,9.15,2024-03-25
PHED-2024-002,PHED,2024,2,Vidisha,464001,57.41,2024-07-13
PWD-2024-002,PWD,2024,2,Indore,452001,86.82,2024-07-28
WRD-2024-001,WRD,2024,1,Satna,485001,133.18,2024-01-24
UADD-2024-002,UADD,2024,2,Rewa,486001,40.02,2024-06-22
MPRDC-2024-001,MPRDC,2024,1,Singrauli,486881,131.61,2024-11-02
MPMKVV-2024-002,MPMKVV,2024,2,Gwalior,474001,36.35,2024-04-30
PWD-2024-003,PWD,2024,3,Vidisha,464001,4.98,2024-05-28
UADD-2024-003,UADD,2024,3,Katni,483501,49.8,2024-10-02
PWD-2024-004,PWD,2024,4,Sagar,470001,117.85,2024-07-07
PWD-2024-005,PWD,2024,5,Singrauli,486881,50.18,2024-04-14
MPMKVV-2024-003,MPMKVV,2024,3,Gwalior,474001,16.93,2024-04-19
MPMKVV-2024-004,MPMKVV,2024,4,Indore,452001,18.05,2024-11-16
PHED-2024-003,PHED,2024,3,Ratlam,457001,86.36,2024-05-12
MPRDC-2024-002,MPRDC,2024,2,Guna,473001,21.56,2024-10-14
UADD-2024-004,UADD,2024,4,Gwalior,474001,22.13,2024-03-02
MPMKVV-2024-005,MPMKVV,2024,5,Indore,452001,119.19,2024-12-17
MPMKVV-2024-006,MPMKVV,2024,6,Jabalpur,482001,2.51,2024-08-02
MPRDC-2024-003,MPRDC,2024,3,Jabalpur,482001,19.93,2024-12-02
MPMKVV-2024-007,MPMKVV,2024,7,Sagar,470001,97.48,2024-12-29
MPRDC-2024-004,MPRDC,2024,4,Bhopal,462001,92.06,2024-04-14
PWD-2024-006,PWD,2024,6,Dewas,455001,1.92,2024-12-25
MPRDC-2024-005,MPRDC,2024,5,Jabalpur,482001,96.8,2024-04-17
WRD-2024-002,WRD,2024,2,Indore,452001,129.26,2024-02-28
MPRDC-2024-006,MPRDC,2024,6,Chhindwara,480001,57.5,2024-10-23
MPRDC-2024-007,MPRDC,2024,7,Indore,452001,13.41,2024-05-09
MPMKVV-2024-008,MPMKVV,2024,8,Gwalior,474001,94.64,2024-12-23
WRD-2024-003,WRD,2024,3,Morena,476001,39.42,2024-01-23
PHED-2024-004,PHED,2024,4,Bhind,477001,107.79,2024-06-24
PHED-2024-005,PHED,2024,5,Katni,483501,84.17,2024-01-02
WRD-2024-004,WRD,2024,4,Dewas,455001,32.13,2024-03-04
WRD-2024-005,WRD,2024,5,Gwalior,474001,60.26,2024-04-24
PWD-2024-007,PWD,2024,7,Rewa,486001,5.91,2024-12-11
PHED-2024-006,PHED,2024,6,Jabalpur,482001,38.96,2024-03-08
MPMKVV-2024-009,MPMKVV,2024,9,Indore,452001,18.13,2024-09-23
PWD-2024-008,PWD,2024,8,Ujjain,456001,21.26,2024-05-25
WRD-2024-006,WRD,2024,6,Vidisha,464001,98.96,2024-10-11
MPRDC-2024-008,MPRDC,2024,8,Indore,452001,114.28,2024-11-26
PWD-2024-009,PWD,2024,9,Shivpuri,473551,86.76,2024-05-02
UADD-2024-005,UADD,2024,5,Gwalior,474001,106.29,2024-06-29
WRD-2024-007,WRD,2024,7,Ratlam,457001,77.29,2024-03-29
UADD-2024-006,UADD,2024,6,Bhopal,462001,35.95,2024-12-12
PHED-2024-007,PHED,2024,7,Satna,485001,89.12,2024-10-20
UADD-2024-007,UADD,2024,7,Bhopal,462001,65.6,2024-08-05
WRD-2024-008,WRD,2024,8,Bhind,477001,107.44,2024-11-09
PHED-2024-008,PHED,2024,8,Katni,483501,66.71,2024-03-25
MPMKVV-2024-010,MPMKVV,2024,10,Gwalior,474001,44.46,2024-03-30
PHED-2024-009,PHED,2024,9,Bhopal,462001,30.41,2024-08-31
MPRDC-2024-009,MPRDC,2024,9,Shivpuri,473551,122.94,2024-08-19
MPMKVV-2024-011,MPMKVV,2024,11,Indore,452001,110.03,2024-06-05
WRD-2024-009,WRD,2024,9,Chhindwara,480001,64.41,2024-01-30
PWD-2024-010,PWD,2024,10,Indore,452001,145.11,2024-03-15
PWD-2024-011,PWD,2024,11,Jabalpur,482001,103.08,2024-06-27
MPMKVV-2024-012,MPMKVV,2024,12,Bhopal,462001,144.55,2024-11-20
UADD-2024-008,UADD,2024,8,Dewas,455001,111.72,2024-01-14
MPMKVV-2024-013,MPMKVV,2024,13,Satna,485001,116.1,2024-07-01
PWD-2024-012,PWD,2024,12,Bhopal,462001,142.9,2024-04-20
MPMKVV-2024-014,MPMKVV,2024,14,Bhopal,462001,96.55,2024-03-30
PHED-2024-010,PHED,2024,10,Bhopal,462001,133.79,2024-12-11
WRD-2024-010,WRD,2024,10,Bhopal,462001,148.12,2024-05-11
PHED-2024-011,PHED,2024,11,Satna,485001,100.89,2024-06-12
MPMKVV-2024-015,MPMKVV,2024,15,Katni,483501,7.61,2024-06-03
MPRDC-2024-010,MPRDC,2024,10,Ujjain,456001,82.1,2024-09-17
WRD-2024-011,WRD,2024,11,Indore,452001,85.61,2024-08-21
UADD-2024-009,UADD,2024,9,Singrauli,486881,77.16,2024-06-25
WRD-2024-012,WRD,2024,12,Dewas,455001,55.93,2024-12-29
MPMKVV-2024-016,MPMKVV,2024,16,Shivpuri,473551,63.22,2024-03-08
UADD-2024-010,UADD,2024,10,Jabalpur,482001,66.61,2024-08-27
UADD-2024-011,UADD,2024,11,Bhopal,462001,9.5,2024-02-28
WRD-2024-013,WRD,2024,13,Vidisha,464001,9.61,2024-07-15
WRD-2024-014,WRD,2024,14,Jabalpur,482001,20.99,2024-04-20
UADD-2024-012,UADD,2024,12,Indore,452001,49.66,2024-11-23
MPMKVV-2024-017,MPMKVV,2024,17,Indore,452001,27.21,2024-02-17
PWD-2024-013,PWD,2024,13,Singrauli,486881,38.72,2024-09-20
PWD-2024-014,PWD,2024,14,Singrauli,486881,73.56,2024-01-04
UADD-2024-013,UADD,2024,13,Jabalpur,482001,108.56,2024-07-08
MPMKVV-2024-018,MPMKVV,2024,18,Gwalior,474001,69.78,2024-01-31
MPMKVV-2024-019,MPMKVV,2024,19,Gwalior,474001,70.57,2024-09-13
WRD-2024-015,WRD,2024,15,Indore,452001,127.56,2024-11-20
MPRDC-2024-011,MPRDC,2024,11,Bhopal,462001,123.47,2024-04-08
MPMKVV-2024-020,MPMKVV,2024,20,Bhind,477001,131.46,2024-12-31
WRD-2024-016,WRD,2024,16,Vidisha,464001,33.56,2024-12-01
PHED-2024-012,PHED,2024,12,Ujjain,456001,31.9,2024-03-30
UADD-2024-014,UADD,2024,14,Sagar,470001,122.24,2024-07-10
PWD-2024-015,PWD,2024,15,Indore,452001,4.07,2024-02-20
PHED-2024-013,PHED,2024,13,Gwalior,474001,45.37,2024-08-26
PHED-2024-014,PHED,2024,14,Ujjain,456001,13.28,2024-07-21
MPMKVV-2024-021,MPMKVV,2024,21,Indore,452001,52.55,2024-03-23
MPRDC-2024-012,MPRDC,2024,12,Sagar,470001,131.8,2024-06-18
UADD-2024-015,UADD,2024,15,Bhopal,462001,147.23,2024-11-21
MPMKVV-2024-022,MPMKVV,2024,22,Sagar,470001,27.2,2024-10-31
WRD-2024-017,WRD,2024,17,Gwalior,474001,30.01,2024-05-05
PWD-2024-016,PWD,2024,16,Indore,452001,120.68,2024-01-31
MPMKVV-2024-023,MPMKVV,2024,23,Dewas,455001,37.49,2024-09-20
PWD-2024-017,PWD,2024,17,Gwalior,474001,112.6,2024-12-19
MPRDC-2024-013,MPRDC,2024,13,Katni,483501,44.44,2024-12-06
MPMKVV-2024-024,MPMKVV,2024,24,Satna,485001,65.27,2024-01-27
MPRDC-2024-014,MPRDC,2024,14,Indore,452001,94.48,2024-03-29
UADD-2024-016,UADD,2024,16,Ujjain,456001,12.17,2024-03-28
WRD-2024-018,WRD,2024,18,Bhopal,462001,0.69,2024-01-21
MPRDC-2024-015,MPRDC,2024,15,Bhopal,462001,123.46,2024-10-12
PWD-2024-018,PWD,2024,18,Singrauli,486881,126.79,2024-12-24
PHED-2024-015,PHED,2024,15,Jabalpur,482001,64.45,2024-03-10
UADD-2024-017,UADD,2024,17,Dewas,455001,137.86,2024-03-13
PWD-2024-019,PWD,2024,19,Indore,452001,1.91,2024-07-28
WRD-2024-019,WRD,2024,19,Singrauli,486881,65.82,2024-05-26
MPRDC-2024-016,MPRDC,2024,16,Rewa,486001,85.26,2024-06-15
PHED-2024-016,PHED,2024,16,Indore,452001,146.3,2024-08-26
WRD-2024-020,WRD,2024,20,Bhopal,462001,94.19,2024-05-14
UADD-2024-018,UADD,2024,18,Bhopal,462001,143.13,2024-08-23
MPMKVV-2024-025,MPMKVV,2024,25,Indore,452001,26.12,2024-05-25
WRD-2024-021,WRD,2024,21,Gwalior,474001,92.15,2024-11-25
PWD-2024-020,PWD,2024,20,Bhopal,462001,134.29,2024-11-19
UADD-2024-019,UADD,2024,19,Bhopal,462001,144.56,2024-08-22
MPRDC-2024-017,MPRDC,2024,17,Bhopal,462001,3.25,2024-05-27
WRD-2024-022,WRD,2024,22,Jabalpur,482001,20.25,2024-06-17
UADD-2024-020,UADD,2024,20,Morena,476001,124.28,2024-06-26
UADD-2024-021,UADD,2024,21,Bhopal,462001,88.32,2024-07-09
PHED-2024-017,PHED,2024,17,Satna,485001,62.92,2024-06-27
UADD-2024-022,UADD,2024,22,Indore,452001,97.57,2024-10-06
WRD-2024-023,WRD,2024,23,Shivpuri,473551,121.28,2024-09-07
PHED-2024-018,PHED,2024,18,Gwalior,474001,73.69,2024-03-15
MPRDC-2024-018,MPRDC,2024,18,Bhopal,462001,94.69,2024-02-23
MPRDC-2024-019,MPRDC,2024,19,Khandwa,450001,3.93,2024-04-13
PWD-2024-021,PWD,2024,21,Indore,452001,49.02,2024-02-02
MPMKVV-2024-026,MPMKVV,2024,26,Bhopal,462001,111.06,2024-09-25
PHED-2024-019,PHED,2024,19,Khandwa,450001,52.5,2024-11-14
UADD-2024-023,UADD,2024,23,Bhopal,462001,105.9,2024-12-09
PWD-2024-022,PWD,2024,22,Ratlam,457001,108.53,2024-06-30
MPRDC-2024-020,MPRDC,2024,20,Satna,485001,108.35,2024-05-13
PWD-2024-023,PWD,2024,23,Indore,452001,92.75,2024-10-26
UADD-2024-024,UADD,2024,24,Burhanpur,450331,46.4,2024-12-07
MPRDC-2024-021,MPRDC,2024,21,Sagar,470001,80.39,2024-11-04
MPMKVV-2024-027,MPMKVV,2024,27,Gwalior,474001,6.91,2024-10-15
PWD-2024-024,PWD,2024,24,Gwalior,474001,60.0,2024-01-17
PWD-2024-025,PWD,2024,25,Ujjain,456001,66.38,2024-04-06
MPMKVV-2024-028,MPMKVV,2024,28,Ratlam,457001,133.63,2024-05-30
UADD-2024-025,UADD,2024,25,Bhopal,462001,18.5,2024-04-25
MPRDC-2024-022,MPRDC,2024,22,Morena,476001,94.12,2024-02-26
MPMKVV-2024-029,MPMKVV,2024,29,Bhopal,462001,11.44,2024-09-09
PWD-2024-026,PWD,2024,26,Indore,452001,3.38,2024-01-24
MPRDC-2024-023,MPRDC,2024,23,Khandwa,450001,67.22,2024-03-10
MPRDC-2024-024,MPRDC,2024,24,Singrauli,486881,136.86,2024-01-24
UADD-2024-026,UADD,2024,26,Gwalior,474001,70.71,2024-02-26
MPRDC-2024-025,MPRDC,2024,25,Dewas,455001,1.38,2024-07-06
PHED-2024-020,PHED,2024,20,Ujjain,456001,107.6,2024-08-04
MPMKVV-2024-030,MPMKVV,2024,30,Chhindwara,480001,127.41,2024-10-27
MPMKVV-2024-031,MPMKVV,2024,31,Chhindwara,480001,87.08,2024-05-24
MPRDC-2024-026,MPRDC,2024,26,Satna,485001,67.75,2024-07-24
PHED-2024-021,PHED,2024,21,Ujjain,456001,82.79,2024-04-03
WRD-2024-024,WRD,2024,24,Dewas,455001,60.71,2024-12-14
MPMKVV-2024-032,MPMKVV,2024,32,Jabalpur,482001,26.25,2024-05-31
MPMKVV-2024-033,MPMKVV,2024,33,Gwalior,474001,17.74,2024-01-01
UADD-2024-027,UADD,2024,27,Morena,476001,128.92,2024-12-28
MPRDC-2024-027,MPRDC,2024,27,Gwalior,474001,46.64,2024-01-11
MPRDC-2024-028,MPRDC,2024,28,Jabalpur,482001,82.43,2024-12-20
PWD-2024-027,PWD,2024,27,Bhopal,462001,134.0,2024-01-29
UADD-2024-028,UADD,2024,28,Chhindwara,480001,84.08,2024-04-24
PWD-2024-028,PWD,2024,28,Jabalpur,482001,63.11,2024-06-30
PWD-2024-029,PWD,2024,29,Bhopal,462001,85.23,2024-02-14
PWD-2024-030,PWD,2024,30,Shivpuri,473551,113.55,2024-03-21
PWD-2024-031,PWD,2024,31,Bhopal,462001,60.98,2024-01-20
WRD-2024-025,WRD,2024,25,Bhopal,462001,148.21,2024-10-17
PHED-2024-022,PHED,2024,22,Gwalior,474001,99.94,2024-05-01
UADD-2024-029,UADD,2024,29,Indore,452001,57.32,2024-05-29
MPRDC-2024-029,MPRDC,2024,29,Jabalpur,482001,148.72,2024-02-28
MPMKVV-2024-034,MPMKVV,2024,34,Jabalpur,482001,115.9,2024-07-30
MPMKVV-2024-035,MPMKVV,2024,35,Jabalpur,482001,60.16,2024-10-29
MPMKVV-2024-036,MPMKVV,2024,36,Jabalpur,482001,36.85,2024-08-13
PHED-2024-023,PHED,2024,23,Katni,483501,31.23,2024-11-03
UADD-2024-030,UADD,2024,30,Gwalior,474001,53.92,2024-06-03
MPMKVV-2024-037,MPMKVV,2024,37,Dewas,455001,134.46,2024-02-03
PHED-2024-024,PHED,2024,24,Bhopal,462001,107.53,2024-12-23
UADD-2024-031,UADD,2024,31,Indore,452001,145.77,2024-09-06
PHED-2024-025,PHED,2024,25,Bhopal,462001,8.42,2024-04-04
MPRDC-2024-030,MPRDC,2024,30,Ujjain,456001,64.9,2024-12-10
PHED-2024-026,PHED,2024,26,Dewas,455001,35.74,2024-02-13
WRD-2024-026,WRD,2024,26,Sagar,470001,90.97,2024-08-23
WRD-2024-027,WRD,2024,27,Ratlam,457001,39.51,2024-09-29
PHED-2024-027,PHED,2024,27,Gwalior,474001,37.09,2024-11-29
MPMKVV-2024-038,MPMKVV,2024,38,Indore,452001,29.65,2024-09-05
MPRDC-2024-031,MPRDC,2024,31,Jabalpur,482001,58.78,2024-06-17
MPRDC-2024-032,MPRDC,2024,32,Ujjain,456001,126.88,2024-01-01
PWD-2024-032,PWD,2024,32,Morena,476001,21.68,2024-03-05
MPRDC-2024-033,MPRDC,2024,33,Bhind,477001,46.63,2024-01-12
WRD-2024-028,WRD,2024,28,Dewas,455001,29.03,2024-10-25
MPRDC-2024-034,MPRDC,2024,34,Dewas,455001,73.02,2024-01-06
UADD-2024-032,UADD,2024,32,Bhopal,462001,68.33,2024-01-01
WRD-2024-029,WRD,2024,29,Bhopal,462001,41.71,2024-06-20
MPRDC-2024-035,MPRDC,2024,35,Dewas,455001,72.0,2024-07-07
WRD-2024-030,WRD,2024,30,Morena,476001,81.9,2024-02-24
PHED-2024-028,PHED,2024,28,Jabalpur,482001,138.43,2024-05-25
PHED-2024-029,PHED,2024,29,Katni,483501,52.64,2024-08-27
MPMKVV-2024-039,MPMKVV,2024,39,Indore,452001,103.69,2024-12-31
PHED-2024-030,PHED,2024,30,Bhopal,462001,34.87,2024-07-07
WRD-2024-031,WRD,2024,31,Chhindwara,480001,16.37,2024-09-04
PHED-2024-031,PHED,2024,31,Ujjain,456001,23.45,2024-06-07
MPRDC-2024-036,MPRDC,2024,36,Bhopal,462001,129.0,2024-07-03
MPMKVV-2024-040,MPMKVV,2024,40,Jabalpur,482001,72.18,2024-11-18
WRD-2024-032,WRD,2024,32,Sagar,470001,80.53,2024-02-12
UADD-2024-033,UADD,2024,33,Jabalpur,482001,33.49,2024-03-09
PHED-2024-032,PHED,2024,32,Singrauli,486881,20.08,2024-06-14
UADD-2024-034,UADD,2024,34,Jabalpur,482001,139.5,2024-07-26
PWD-2024-033,PWD,2024,33,Jabalpur,482001,83.9,2024-03-13
MPRDC-2024-037,MPRDC,2024,37,Satna,485001,45.21,2024-11-14
PWD-2024-034,PWD,2024,34,Singrauli,486881,48.09,2024-04-15
WRD-2024-033,WRD,2024,33,Gwalior,474001,6.95,2024-12-21
PWD-2024-035,PWD,2024,35,Jabalpur,482001,34.87,2024-02-22
WRD-2024-034,WRD,2024,34,Ujjain,456001,135.87,2024-11-21
MPMKVV-2024-041,MPMKVV,2024,41,Ujjain,456001,25.55,2024-07-11
PHED-2024-033,PHED,2024,33,Chhindwara,480001,26.0,2024-10-11
MPMKVV-2024-042,MPMKVV,2024,42,Gwalior,474001,33.06,2024-07-10
MPRDC-2024-038,MPRDC,2024,38,Gwalior,474001,139.9,2024-01-24
UADD-2024-035,UADD,2024,35,Khandwa,450001,73.69,2024-03-30
PHED-2024-034,PHED,2024,34,Jabalpur,482001,125.53,2024-01-15
PHED-2024-035,PHED,2024,35,Gwalior,474001,39.04,2024-01-18
PWD-2024-036,PWD,2024,36,Gwalior,474001,40.24,2024-08-14
WRD-2024-035,WRD,2024,35,Sagar,470001,111.36,2024-05-15
PHED-2024-036,PHED,2024,36,Indore,452001,44.73,2024-10-19
PWD-2024-037,PWD,2024,37,Bhopal,462001,15.12,2024-04-14
PHED-2024-037,PHED,2024,37,Indore,452001,58.18,2024-03-05
PWD-2024-038,PWD,2024,38,Indore,452001,95.93,2024-11-24
PWD-2024-039,PWD,2024,39,Katni,483501,48.64,2024-02-03
PHED-2024-038,PHED,2024,38,Chhindwara,480001,46.34,2024-11-02
PWD-2024-040,PWD,2024,40,Indore,452001,148.01,2024-10-15
PHED-2024-039,PHED,2024,39,Rewa,486001,122.65,2024-09-20
PHED-2024-040,PHED,2024,40,Indore,452001,140.94,2024-07-11
MPRDC-2024-039,MPRDC,2024,39,Bhopal,462001,137.14,2024-02-08
MPRDC-2024-040,MPRDC,2024,40,Shivpuri,473551,94.99,2024-09-23
PHED-2024-041,PHED,2024,41,Rewa,486001,147.09,2024-03-03
UADD-2024-036,UADD,2024,36,Burhanpur,450331,14.98,2024-01-25
MPRDC-2024-041,MPRDC,2024,41,Rewa,486001,1.05,2024-10-11
PHED-2024-042,PHED,2024,42,Jabalpur,482001,122.11,2024-01-19
PWD-2024-041,PWD,2024,41,Dewas,455001,113.95,2024-03-19
UADD-2024-037,UADD,2024,37,Katni,483501,92.58,2024-03-20
UADD-2024-038,UADD,2024,38,Jabalpur,482001,122.29,2024-05-16
MPRDC-2024-042,MPRDC,2024,42,Ratlam,457001,4.33,2024-01-27
MPRDC-2024-043,MPRDC,2024,43,Gwalior,474001,5.22,2024-05-30
WRD-2024-036,WRD,2024,36,Singrauli,486881,141.73,2024-10-21
PHED-2024-043,PHED,2024,43,Indore,452001,33.22,2024-06-10
WRD-2024-037,WRD,2024,37,Shivpuri,473551,14.09,2024-09-19
WRD-2024-038,WRD,2024,38,Indore,452001,10.86,2024-09-18
MPMKVV-2024-043,MPMKVV,2024,43,Indore,452001,102.22,2024-09-14
WRD-2024-039,WRD,2024,39,Indore,452001,43.4,2024-04-29
PWD-2024-042,PWD,2024,42,Jabalpur,482001,114.83,2024-11-27
PWD-2024-043,PWD,2024,43,Bhind,477001,100.01,2024-10-26
WRD-2024-040,WRD,2024,40,Khandwa,450001,69.35,2024-06-29
WRD-2024-041,WRD,2024,41,Indore,452001,118.06,2024-12-11
UADD-2024-039,UADD,2024,39,Bhind,477001,26.24,2024-01-08
UADD-2024-040,UADD,2024,40,Bhopal,462001,110.35,2024-11-28
PHED-2024-044,PHED,2024,44,Bhopal,462001,86.46,2024-06-18
MPRDC-2024-044,MPRDC,2024,44,Bhopal,462001,84.72,2024-09-03
WRD-2024-042,WRD,2024,42,Guna,473001,103.18,2024-05-28
MPMKVV-2024-044,MPMKVV,2024,44,Ratlam,457001,126.49,2024-02-21
PWD-2024-044,PWD,2024,44,Vidisha,464001,33.41,2024-07-28
WRD-2024-043,WRD,2024,43,Indore,452001,48.6,2024-12-03
MPRDC-2024-045,MPRDC,2024,45,Satna,485001,55.91,2024-09-28
WRD-2024-044,WRD,2024,44,Jabalpur,482001,93.79,2024-07-26
UADD-2024-041,UADD,2024,41,Rewa,486001,33.35,2024-10-07
MPRDC-2024-046,MPRDC,2024,46,Bhopal,462001,32.7,2024-01-11
MPRDC-2024-047,MPRDC,2024,47,Ratlam,457001,5.4,2024-08-24
UADD-2024-042,UADD,2024,42,Bhopal,462001,146.79,2024-07-17
UADD-2024-043,UADD,2024,43,Gwalior,474001,95.22,2024-11-05
MPMKVV-2024-045,MPMKVV,2024,45,Jabalpur,482001,73.33,2024-12-09
MPMKVV-2024-046,MPMKVV,2024,46,Indore,452001,31.9,2024-09-03
PHED-2024-045,PHED,2024,45,Dewas,455001,63.44,2024-03-28
UADD-2024-044,UADD,2024,44,Dewas,455001,82.52,2024-06-14
WRD-2024-045,WRD,2024,45,Ujjain,456001,69.6,2024-11-11
MPRDC-2024-048,MPRDC,2024,48,Guna,473001,128.3,2024-06-19
PHED-2024-046,PHED,2024,46,Bhind,477001,4.03,2024-07-25
MPMKVV-2024-047,MPMKVV,2024,47,Ujjain,456001,91.05,2024-12-17
MPMKVV-2024-048,MPMKVV,2024,48,Ujjain,456001,139.94,2024-05-20
MPMKVV-2024-049,MPMKVV,2024,49,Sagar,470001,129.45,2024-06-21
PWD-2024-045,PWD,2024,45,Khandwa,450001,3.22,2024-10-20
UADD-2024-045,UADD,2024,45,Indore,452001,46.1,2024-09-28
PHED-2024-047,PHED,2024,47,Satna,485001,114.87,2024-05-31
PHED-2024-048,PHED,2024,48,Bhopal,462001,69.05,2024-11-06
UADD-2024-046,UADD,2024,46,Satna,485001,59.66,2024-11-23
UADD-2024-047,UADD,2024,47,Ratlam,457001,75.67,2024-10-29
PHED-2024-049,PHED,2024,49,Singrauli,486881,39.42,2024-02-17
PWD-2024-046,PWD,2024,46,Bhopal,462001,60.1,2024-05-28
PWD-2024-047,PWD,2024,47,Indore,452001,62.55,2024-04-23
MPRDC-2024-049,MPRDC,2024,49,Indore,452001,11.36,2024-10-26
WRD-2024-046,WRD,2024,46,Katni,483501,80.09,2024-02-23
PHED-2024-050,PHED,2024,50,Bhopal,462001,69.45,2024-03-20
WRD-2024-047,WRD,2024,47,Rewa,486001,89.08,2024-09-04
MPMKVV-2024-050,MPMKVV,2024,50,Jabalpur,482001,43.18,2024-07-20
MPMKVV-2024-051,MPMKVV,2024,51,Rewa,486001,95.22,2024-07-05
UADD-2024-048,UADD,2024,48,Jabalpur,482001,94.39,2024-09-19
PHED-2024-051,PHED,2024,51,Indore,452001,122.54,2024-01-11
MPRDC-2024-050,MPRDC,2024,50,Jabalpur,482001,33.5,2024-06-23
PHED-2024-052,PHED,2024,52,Indore,452001,72.05,2024-11-29
MPMKVV-2024-052,MPMKVV,2024,52,Indore,452001,132.11,2024-12-05
PWD-2024-048,PWD,2024,48,Dewas,455001,128.19,2024-12-01
UADD-2024-049,UADD,2024,49,Jabalpur,482001,89.54,2024-11-05
PHED-2024-053,PHED,2024,53,Bhopal,462001,86.15,2024-03-02
PWD-2024-049,PWD,2024,49,Jabalpur,482001,97.71,2024-02-26
PHED-2024-054,PHED,2024,54,Jabalpur,482001,145.73,2024-12-10
MPMKVV-2024-053,MPMKVV,2024,53,Guna,473001,55.95,2024-06-05
MPMKVV-2024-054,MPMKVV,2024,54,Jabalpur,482001,145.64,2024-10-07
MPMKVV-2024-055,MPMKVV,2024,55,Sagar,470001,50.34,2024-01-01
WRD-2024-048,WRD,2024,48,Ujjain,456001,80.73,2024-01-16
UADD-2024-050,UADD,2024,50,Shivpuri,473551,60.98,2024-08-11
MPMKVV-2024-056,MPMKVV,2024,56,Jabalpur,482001,139.19,2024-10-19
MPMKVV-2024-057,MPMKVV,2024,57,Jabalpur,482001,107.54,2024-02-09
MPMKVV-2024-058,MPMKVV,2024,58,Indore,452001,4.33,2024-02-11
WRD-2024-049,WRD,2024,49,Bhopal,462001,86.49,2024-02-23
UADD-2024-051,UADD,2024,51,Satna,485001,79.36,2024-05-05
PWD-2024-050,PWD,2024,50,Ujjain,456001,45.92,2024-09-04
MPMKVV-2024-059,MPMKVV,2024,59,Dewas,455001,79.86,2024-07-19
PWD-2024-051,PWD,2024,51,Jabalpur,482001,61.8,2024-08-13
PWD-2024-052,PWD,2024,52,Dewas,455001,132.48,2024-09-11
PWD-2024-053,PWD,2024,53,Katni,483501,139.82,2024-02-20
UADD-2024-052,UADD,2024,52,Ujjain,456001,53.75,2024-08-17
MPMKVV-2024-060,MPMKVV,2024,60,Ujjain,456001,101.32,2024-04-27
PHED-2024-055,PHED,2024,55,Chhindwara,480001,104.82,2024-02-10
MPMKVV-2024-061,MPMKVV,2024,61,Satna,485001,111.25,2024-02-10
PHED-2024-056,PHED,2024,56,Ujjain,456001,138.86,2024-05-23
MPRDC-2024-051,MPRDC,2024,51,Jabalpur,482001,54.32,2024-11-02
MPMKVV-2024-062,MPMKVV,2024,62,Jabalpur,482001,128.8,2024-03-02
MPMKVV-2024-063,MPMKVV,2024,63,Morena,476001,84.52,2024-02-08
MPMKVV-2024-064,MPMKVV,2024,64,Ujjain,456001,96.95,2024-09-21
PHED-2024-057,PHED,2024,57,Bhopal,462001,8.77,2024-09-18
UADD-2024-053,UADD,2024,53,Jabalpur,482001,127.09,2024-01-12
WRD-2024-050,WRD,2024,50,Bhopal,462001,80.43,2024-03-29
WRD-2024-051,WRD,2024,51,Bhind,477001,112.15,2024-05-08
PWD-2024-054,PWD,2024,54,Bhopal,462001,59.0,2024-04-08
MPMKVV-2024-065,MPMKVV,2024,65,Gwalior,474001,74.38,2024-10-11
MPRDC-2024-052,MPRDC,2024,52,Jabalpur,482001,12.51,2024-11-11
PHED-2024-058,PHED,2024,58,Sagar,470001,53.1,2024-05-01
UADD-2024-054,UADD,2024,54,Burhanpur,450331,28.41,2024-02-04
PHED-2024-059,PHED,2024,59,Sagar,470001,80.53,2024-05-14
MPMKVV-2024-066,MPMKVV,2024,66,Bhopal,462001,90.33,2024-10-10
PWD-2024-055,PWD,2024,55,Jabalpur,482001,30.32,2024-09-21
UADD-2024-055,UADD,2024,55,Satna,485001,73.56,2024-11-08
UADD-2024-056,UADD,2024,56,Bhopal,462001,32.42,2024-05-02
PWD-2024-056,PWD,2024,56,Dewas,455001,132.16,2024-08-23
PWD-2024-057,PWD,2024,57,Sagar,470001,6.68,2024-12-30
PWD-2024-058,PWD,2024,58,Gwalior,474001,109.35,2024-02-11
PHED-2024-060,PHED,2024,60,Gwalior,474001,6.47,2024-04-26
PHED-2024-061,PHED,2024,61,Gwalior,474001,24.09,2024-05-24
UADD-2024-057,UADD,2024,57,Singrauli,486881,109.48,2024-05-26
PHED-2024-062,PHED,2024,62,Morena,476001,1.39,2024-06-06
MPMKVV-2024-067,MPMKVV,2024,67,Bhopal,462001,131.32,2024-08-10
PWD-2024-059,PWD,2024,59,Bhopal,462001,38.7,2024-06-22
MPRDC-2024-053,MPRDC,2024,53,Gwalior,474001,140.7,2024-12-15
PHED-2024-063,PHED,2024,63,Jabalpur,482001,25.44,2024-04-28
PWD-2024-060,PWD,2024,60,Satna,485001,105.84,2024-10-14
PHED-2024-064,PHED,2024,64,Rewa,486001,73.06,2024-05-31
WRD-2024-052,WRD,2024,52,Ratlam,457001,52.21,2024-11-08
MPRDC-2024-054,MPRDC,2024,54,Ujjain,456001,149.29,2024-08-24
PHED-2024-065,PHED,2024,65,Rewa,486001,28.15,2024-09-04
MPRDC-2024-055,MPRDC,2024,55,Khandwa,450001,103.45,2024-08-05
WRD-2024-053,WRD,2024,53,Ujjain,456001,49.28,2024-07-07
MPRDC-2024-056,MPRDC,2024,56,Bhopal,462001,39.13,2024-10-23
WRD-2024-054,WRD,2024,54,Katni,483501,96.62,2024-04-29
WRD-2024-055,WRD,2024,55,Satna,485001,76.35,2024-12-29
MPMKVV-2024-068,MPMKVV,2024,68,Jabalpur,482001,89.6,2024-03-15
WRD-2024-056,WRD,2024,56,Chhindwara,480001,40.57,2024-04-22
WRD-2024-057,WRD,2024,57,Gwalior,474001,66.0,2024-09-29
WRD-2024-058,WRD,2024,58,Indore,452001,31.23,2024-11-22
MPMKVV-2024-069,MPMKVV,2024,69,Singrauli,486881,116.23,2024-04-04
WRD-2024-059,WRD,2024,59,Sagar,470001,113.49,2024-11-13
PWD-2024-061,PWD,2024,61,Burhanpur,450331,138.99,2024-07-29
PWD-2024-062,PWD,2024,62,Burhanpur,450331,9.52,2024-03-23
PWD-2024-063,PWD,2024,63,Chhindwara,480001,89.22,2024-04-30
MPMKVV-2024-070,MPMKVV,2024,70,Gwalior,474001,60.74,2024-12-25
WRD-2024-060,WRD,2024,60,Indore,452001,97.1,2024-03-17
WRD-2024-061,WRD,2024,61,Vidisha,464001,71.62,2024-01-19
MPRDC-2024-057,MPRDC,2024,57,Indore,452001,19.12,2024-02-29
PWD-2024-064,PWD,2024,64,Gwalior,474001,9.91,2024-07-12
MPRDC-2024-058,MPRDC,2024,58,Indore,452001,123.78,2024-11-16
MPRDC-2024-059,MPRDC,2024,59,Bhopal,462001,133.75,2024-06-28
MPMKVV-2024-071,MPMKVV,2024,71,Jabalpur,482001,78.59,2024-02-12
MPMKVV-2024-072,MPMKVV,2024,72,Dewas,455001,1.87,2024-06-01
MPRDC-2024-060,MPRDC,2024,60,Indore,452001,52.35,2024-06-16
UADD-2024-058,UADD,2024,58,Ujjain,456001,77.09,2024-12-05
UADD-2024-059,UADD,2024,59,Dewas,455001,36.32,2024-11-22
PHED-2024-066,PHED,2024,66,Singrauli,486881,101.19,2024-02-16
MPMKVV-2024-073,MPMKVV,2024,73,Singrauli,486881,73.6,2024-02-27
PHED-2024-067,PHED,2024,67,Sagar,470001,121.9,2024-09-22
PHED-2024-068,PHED,2024,68,Gwalior,474001,27.75,2024-05-26
PWD-2024-065,PWD,2024,65,Jabalpur,482001,124.46,2024-03-13
MPMKVV-2024-074,MPMKVV,2024,74,Satna,485001,34.37,2024-01-21
MPRDC-2024-061,MPRDC,2024,61,Chhindwara,480001,30.42,2024-08-27
MPMKVV-2024-075,MPMKVV,2024,75,Indore,452001,5.87,2024-02-07
MPRDC-2024-062,MPRDC,2024,62,Katni,483501,149.69,2024-09-03
WRD-2024-062,WRD,2024,62,Indore,452001,16.49,2024-11-15
PHED-2024-069,PHED,2024,69,Ujjain,456001,116.77,2024-05-19
MPRDC-2024-063,MPRDC,2024,63,Indore,452001,54.28,2024-02-21
MPRDC-2024-064,MPRDC,2024,64,Ratlam,457001,66.73,2024-05-06
PWD-2024-066,PWD,2024,66,Gwalior,474001,75.0,2024-11-24
UADD-2024-060,UADD,2024,60,Indore,452001,2.23,2024-12-19
MPMKVV-2024-076,MPMKVV,2024,76,Sagar,470001,45.16,2024-04-07
UADD-2024-061,UADD,2024,61,Indore,452001,6.76,2024-10-17
UADD-2024-062,UADD,2024,62,Morena,476001,59.72,2024-09-01
UADD-2025-001,UADD,2025,1,Jabalpur,482001,4.58,2025-11-07
UADD-2025-002,UADD,2025,2,Guna,473001,99.65,2025-07-17
PWD-2025-001,PWD,2025,1,Bhopal,462001,140.01,2025-02-27
PHED-2025-001,PHED,2025,1,Katni,483501,137.41,2025-04-30
MPMKVV-2025-001,MPMKVV,2025,1,Shivpuri,473551,86.61,2025-03-13
MPMKVV-2025-002,MPMKVV,2025,2,Sagar,470001,55.64,2025-09-24
MPRDC-2025-001,MPRDC,2025,1,Gwalior,474001,67.59,2025-08-27
UADD-2025-003,UADD,2025,3,Gwalior,474001,30.14,2025-03-29
WRD-2025-001,WRD,2025,1,Bhopal,462001,59.2,2025-04-10
MPRDC-2025-002,MPRDC,2025,2,Jabalpur,482001,131.9,2025-10-31
WRD-2025-002,WRD,2025,2,Bhopal,462001,51.56,2025-01-27
PWD-2025-002,PWD,2025,2,Satna,485001,68.59,2025-03-20
PWD-2025-003,PWD,2025,3,Bhopal,462001,17.94,2025-06-02
MPMKVV-2025-003,MPMKVV,2025,3,Indore,452001,75.96,2025-04-25
MPMKVV-2025-004,MPMKVV,2025,4,Indore,452001,82.36,2025-04-13
MPRDC-2025-003,MPRDC,2025,3,Indore,452001,32.77,2025-05-10
UADD-2025-004,UADD,2025,4,Indore,452001,142.26,2025-02-23
UADD-2025-005,UADD,2025,5,Chhindwara,480001,14.21,2025-06-29
UADD-2025-006,UADD,2025,6,Indore,452001,57.46,2025-01-08
PHED-2025-002,PHED,2025,2,Bhopal,462001,130.03,2025-05-08
MPMKVV-2025-005,MPMKVV,2025,5,Dewas,455001,6.53,2025-08-22
PHED-2025-003,PHED,2025,3,Bhopal,462001,113.26,2025-07-08
WRD-2025-003,WRD,2025,3,Sagar,470001,65.42,2025-01-19
PWD-2025-004,PWD,2025,4,Dewas,455001,79.62,2025-01-07
PHED-2025-004,PHED,2025,4,Bhopal,462001,50.04,2025-04-27
UADD-2025-007,UADD,2025,7,Gwalior,474001,104.94,2025-12-24
PHED-2025-005,PHED,2025,5,Singrauli,486881,73.2,2025-01-28
WRD-2025-004,WRD,2025,4,Indore,452001,97.91,2025-11-03
PHED-2025-006,PHED,2025,6,Satna,485001,81.1,2025-07-25
WRD-2025-005,WRD,2025,5,Chhindwara,480001,99.84,2025-09-03
PHED-2025-007,PHED,2025,7,Indore,452001,51.73,2025-01-20
MPRDC-2025-004,MPRDC,2025,4,Satna,485001,22.08,2025-05-19
WRD-2025-006,WRD,2025,6,Bhopal,462001,60.37,2025-06-06
PWD-2025-005,PWD,2025,5,Jabalpur,482001,126.99,2025-11-14
PHED-2025-008,PHED,2025,8,Bhopal,462001,96.92,2025-12-24
UADD-2025-008,UADD,2025,8,Gwalior,474001,85.56,2025-10-06
PWD-2025-006,PWD,2025,6,Bhopal,462001,125.43,2025-09-28
PHED-2025-009,PHED,2025,9,Dewas,455001,108.68,2025-02-20
MPMKVV-2025-006,MPMKVV,2025,6,Sagar,470001,14.34,2025-11-13
PWD-2025-007,PWD,2025,7,Khandwa,450001,85.7,2025-07-25
WRD-2025-007,WRD,2025,7,Ujjain,456001,132.95,2025-03-11
MPRDC-2025-005,MPRDC,2025,5,Singrauli,486881,31.96,2025-12-14
PHED-2025-010,PHED,2025,10,Indore,452001,142.73,2025-11-09
PHED-2025-011,PHED,2025,11,Gwalior,474001,108.27,2025-03-14
PHED-2025-012,PHED,2025,12,Satna,485001,18.4,2025-06-18
PHED-2025-013,PHED,2025,13,Khandwa,450001,84.7,2025-12-03
WRD-2025-008,WRD,2025,8,Ujjain,456001,107.2,2025-09-26
MPMKVV-2025-007,MPMKVV,2025,7,Bhopal,462001,2.67,2025-09-16
WRD-2025-009,WRD,2025,9,Gwalior,474001,37.21,2025-03-25
PHED-2025-014,PHED,2025,14,Satna,485001,114.33,2025-10-01
UADD-2025-009,UADD,2025,9,Bhopal,462001,95.85,2025-04-05
WRD-2025-010,WRD,2025,10,Ujjain,456001,112.09,2025-05-16
PHED-2025-015,PHED,2025,15,Ujjain,456001,98.95,2025-03-24
UADD-2025-010,UADD,2025,10,Vidisha,464001,77.03,2025-11-16
MPRDC-2025-006,MPRDC,2025,6,Ratlam,457001,49.78,2025-08-26
UADD-2025-011,UADD,2025,11,Ratlam,457001,142.25,2025-12-23
UADD-2025-012,UADD,2025,12,Jabalpur,482001,36.27,2025-11-10
UADD-2025-013,UADD,2025,13,Jabalpur,482001,73.17,2025-11-27
MPMKVV-2025-008,MPMKVV,2025,8,Khandwa,450001,136.16,2025-05-16
MPMKVV-2025-009,MPMKVV,2025,9,Singrauli,486881,126.4,2025-08-22
MPRDC-2025-007,MPRDC,2025,7,Indore,452001,89.91,2025-12-27
MPMKVV-2025-010,MPMKVV,2025,10,Jabalpur,482001,128.64,2025-12-10
PWD-2025-008,PWD,2025,8,Bhind,477001,116.53,2025-04-18
PWD-2025-009,PWD,2025,9,Indore,452001,68.38,2025-09-19
UADD-2025-014,UADD,2025,14,Rewa,486001,17.19,2025-06-20
PHED-2025-016,PHED,2025,16,Dewas,455001,55.78,2025-02-23
UADD-2025-015,UADD,2025,15,Indore,452001,57.39,2025-08-22
UADD-2025-016,UADD,2025,16,Indore,452001,102.78,2025-02-06
PHED-2025-017,PHED,2025,17,Ratlam,457001,87.01,2025-09-12
WRD-2025-011,WRD,2025,11,Jabalpur,482001,52.05,2025-12-08
PHED-2025-018,PHED,2025,18,Jabalpur,482001,4.68,2025-10-26
UADD-2025-017,UADD,2025,17,Indore,452001,118.18,2025-12-12
MPMKVV-2025-011,MPMKVV,2025,11,Bhopal,462001,18.57,2025-08-05
MPMKVV-2025-012,MPMKVV,2025,12,Indore,452001,123.67,2025-08-24
UADD-2025-018,UADD,2025,18,Indore,452001,129.34,2025-03-16
PWD-2025-010,PWD,2025,10,Indore,452001,36.55,2025-02-15
WRD-2025-012,WRD,2025,12,Indore,452001,63.3,2025-08-02
WRD-2025-013,WRD,2025,13,Rewa,486001,48.36,2025-04-18
MPMKVV-2025-013,MPMKVV,2025,13,Gwalior,474001,38.59,2025-07-10
MPRDC-2025-008,MPRDC,2025,8,Gwalior,474001,148.8,2025-09-13
MPMKVV-2025-014,MPMKVV,2025,14,Satna,485001,61.94,2025-06-18
UADD-2025-019,UADD,2025,19,Gwalior,474001,5.91,2025-11-23
PHED-2025-019,PHED,2025,19,Jabalpur,482001,48.91,2025-10-09
UADD-2025-020,UADD,2025,20,Indore,452001,91.22,2025-11-02
PHED-2025-020,PHED,2025,20,Jabalpur,482001,117.55,2025-03-08
PHED-2025-021,PHED,2025,21,Bhopal,462001,11.44,2025-01-11
UADD-2025-021,UADD,2025,21,Rewa,486001,15.86,2025-08-08
MPMKVV-2025-015,MPMKVV,2025,15,Ujjain,456001,34.92,2025-12-12
PWD-2025-011,PWD,2025,11,Singrauli,486881,124.35,2025-04-16
UADD-2025-022,UADD,2025,22,Indore,452001,144.67,2025-06-28
PHED-2025-022,PHED,2025,22,Indore,452001,15.02,2025-03-16
PWD-2025-012,PWD,2025,12,Katni,483501,30.5,2025-07-21
MPRDC-2025-009,MPRDC,2025,9,Shivpuri,473551,7.73,2025-10-07
WRD-2025-014,WRD,2025,14,Indore,452001,2.73,2025-11-15
MPMKVV-2025-016,MPMKVV,2025,16,Satna,485001,96.14,2025-10-12
PHED-2025-023,PHED,2025,23,Indore,452001,99.69,2025-10-04
UADD-2025-023,UADD,2025,23,Indore,452001,28.73,2025-07-08
MPMKVV-2025-017,MPMKVV,2025,17,Katni,483501,48.42,2025-02-12
MPRDC-2025-010,MPRDC,2025,10,Bhopal,462001,20.63,2025-02-18
PWD-2025-013,PWD,2025,13,Indore,452001,135.95,2025-04-21
PHED-2025-024,PHED,2025,24,Satna,485001,1.61,2025-07-07
WRD-2025-015,WRD,2025,15,Indore,452001,29.81,2025-12-15
UADD-2025-024,UADD,2025,24,Gwalior,474001,92.24,2025-04-03
PWD-2025-014,PWD,2025,14,Indore,452001,102.05,2025-05-31
PHED-2025-025,PHED,2025,25,Guna,473001,88.94,2025-03-18
UADD-2025-025,UADD,2025,25,Ujjain,456001,25.24,2025-09-02
WRD-2025-016,WRD,2025,16,Ujjain,456001,67.1,2025-04-10
MPRDC-2025-011,MPRDC,2025,11,Indore,452001,24.76,2025-01-21
WRD-2025-017,WRD,2025,17,Jabalpur,482001,61.04,2025-10-20
WRD-2025-018,WRD,2025,18,Shivpuri,473551,120.34,2025-11-02
UADD-2025-026,UADD,2025,26,Morena,476001,85.93,2025-06-09
UADD-2025-027,UADD,2025,27,Katni,483501,27.52,2025-02-06
PHED-2025-026,PHED,2025,26,Sagar,470001,149.62,2025-10-26
PWD-2025-015,PWD,2025,15,Gwalior,474001,94.3,2025-03-14
UADD-2025-028,UADD,2025,28,Shivpuri,473551,44.79,2025-06-10
UADD-2025-029,UADD,2025,29,Ujjain,456001,140.47,2025-11-26
UADD-2025-030,UADD,2025,30,Indore,452001,17.68,2025-11-05
MPRDC-2025-012,MPRDC,2025,12,Chhindwara,480001,117.07,2025-08-29
PHED-2025-027,PHED,2025,27,Jabalpur,482001,58.11,2025-04-04
WRD-2025-019,WRD,2025,19,Indore,452001,67.9,2025-09-29
MPRDC-2025-013,MPRDC,2025,13,Satna,485001,57.96,2025-09-26
PWD-2025-016,PWD,2025,16,Khandwa,450001,99.7,2025-10-30
PHED-2025-028,PHED,2025,28,Indore,452001,95.21,2025-04-08
PWD-2025-017,PWD,2025,17,Indore,452001,118.41,2025-04-14
UADD-2025-031,UADD,2025,31,Indore,452001,23.61,2025-06-21
PHED-2025-029,PHED,2025,29,Singrauli,486881,66.27,2025-11-14
UADD-2025-032,UADD,2025,32,Sagar,470001,11.16,2025-04-06
MPRDC-2025-014,MPRDC,2025,14,Khandwa,450001,28.99,2025-04-09
UADD-2025-033,UADD,2025,33,Singrauli,486881,71.57,2025-01-05
MPMKVV-2025-018,MPMKVV,2025,18,Chhindwara,480001,39.34,2025-10-13
PWD-2025-018,PWD,2025,18,Rewa,486001,137.37,2025-11-05
UADD-2025-034,UADD,2025,34,Morena,476001,42.34,2025-04-28
PWD-2025-019,PWD,2025,19,Indore,452001,118.31,2025-03-10
MPRDC-2025-015,MPRDC,2025,15,Bhopal,462001,103.03,2025-12-29
MPMKVV-2025-019,MPMKVV,2025,19,Gwalior,474001,1.27,2025-10-12
MPMKVV-2025-020,MPMKVV,2025,20,Bhopal,462001,2.14,2025-06-16
UADD-2025-035,UADD,2025,35,Bhopal,462001,119.59,2025-10-29
PHED-2025-030,PHED,2025,30,Indore,452001,70.1,2025-03-26
PWD-2025-020,PWD,2025,20,Sagar,470001,106.62,2025-10-21
WRD-2025-020,WRD,2025,20,Jabalpur,482001,138.52,2025-01-20
WRD-2025-021,WRD,2025,21,Sagar,470001,137.66,2025-11-27
WRD-2025-022,WRD,2025,22,Indore,452001,82.3,2025-12-16
UADD-2025-036,UADD,2025,36,Indore,452001,98.75,2025-03-17
MPRDC-2025-016,MPRDC,2025,16,Satna,485001,73.22,2025-12-03
UADD-2025-037,UADD,2025,37,Singrauli,486881,124.44,2025-09-15
PHED-2025-031,PHED,2025,31,Guna,473001,80.94,2025-12-28
UADD-2025-038,UADD,2025,38,Indore,452001,118.91,2025-11-22
WRD-2025-023,WRD,2025,23,Indore,452001,15.67,2025-06-09
MPRDC-2025-017,MPRDC,2025,17,Gwalior,474001,137.53,2025-10-07
WRD-2025-024,WRD,2025,24,Satna,485001,52.34,2025-06-07
UADD-2025-039,UADD,2025,39,Ujjain,456001,132.04,2025-07-09
UADD-2025-040,UADD,2025,40,Gwalior,474001,47.67,2025-09-15
WRD-2025-025,WRD,2025,25,Jabalpur,482001,135.76,2025-08-15
WRD-2025-026,WRD,2025,26,Indore,452001,48.93,2025-07-03
MPRDC-2025-018,MPRDC,2025,18,Indore,452001,136.18,2025-04-08
MPRDC-2025-019,MPRDC,2025,19,Indore,452001,132.66,2025-11-26
UADD-2025-041,UADD,2025,41,Jabalpur,482001,107.08,2025-12-21
MPRDC-2025-020,MPRDC,2025,20,Sagar,470001,33.14,2025-05-23
WRD-2025-027,WRD,2025,27,Bhopal,462001,134.53,2025-11-30
PWD-2025-021,PWD,2025,21,Burhanpur,450331,17.3,2025-01-10
WRD-2025-028,WRD,2025,28,Bhind,477001,23.65,2025-06-17
UADD-2025-042,UADD,2025,42,Vidisha,464001,15.79,2025-11-10
PHED-2025-032,PHED,2025,32,Ujjain,456001,45.28,2025-05-25
WRD-2025-029,WRD,2025,29,Ujjain,456001,21.0,2025-09-09
PHED-2025-033,PHED,2025,33,Jabalpur,482001,70.26,2025-04-15
UADD-2025-043,UADD,2025,43,Bhopal,462001,116.65,2025-12-10
MPMKVV-2025-021,MPMKVV,2025,21,Chhindwara,480001,59.44,2025-11-04
PWD-2025-022,PWD,2025,22,Bhopal,462001,110.85,2025-11-11
UADD-2025-044,UADD,2025,44,Sagar,470001,49.83,2025-11-02
PHED-2025-034,PHED,2025,34,Ujjain,456001,146.66,2025-11-02
PWD-2025-023,PWD,2025,23,Indore,452001,32.8,2025-05-26
PWD-2025-024,PWD,2025,24,Gwalior,474001,129.72,2025-07-30
UADD-2025-045,UADD,2025,45,Jabalpur,482001,35.69,2025-01-09
UADD-2025-046,UADD,2025,46,Katni,483501,110.62,2025-10-06
PWD-2025-025,PWD,2025,25,Sagar,470001,109.03,2025-07-08
MPMKVV-2025-022,MPMKVV,2025,22,Khandwa,450001,21.35,2025-05-11
PWD-2025-026,PWD,2025,26,Indore,452001,139.82,2025-07-30
MPRDC-2025-021,MPRDC,2025,21,Ujjain,456001,95.94,2025-03-07
PHED-2025-035,PHED,2025,35,Bhopal,462001,38.33,2025-07-28
WRD-2025-030,WRD,2025,30,Sagar,470001,52.65,2025-11-22
MPRDC-2025-022,MPRDC,2025,22,Vidisha,464001,139.99,2025-02-22
PHED-2025-036,PHED,2025,36,Bhopal,462001,64.8,2025-02-01
UADD-2025-047,UADD,2025,47,Ujjain,456001,144.64,2025-12-13
MPMKVV-2025-023,MPMKVV,2025,23,Bhopal,462001,80.7,2025-01-05
PHED-2025-037,PHED,2025,37,Indore,452001,117.81,2025-07-01
WRD-2025-031,WRD,2025,31,Bhopal,462001,10.0,2025-02-05
UADD-2025-048,UADD,2025,48,Katni,483501,57.18,2025-01-25
MPRDC-2025-023,MPRDC,2025,23,Ujjain,456001,22.51,2025-07-26
PWD-2025-027,PWD,2025,27,Guna,473001,139.11,2025-12-13
MPMKVV-2025-024,MPMKVV,2025,24,Ujjain,456001,130.89,2025-06-04
MPMKVV-2025-025,MPMKVV,2025,25,Katni,483501,66.26,2025-09-07
UADD-2025-049,UADD,2025,49,Sagar,470001,123.77,2025-09-13
PHED-2025-038,PHED,2025,38,Vidisha,464001,143.68,2025-09-12
PHED-2025-039,PHED,2025,39,Jabalpur,482001,21.02,2025-07-07
UADD-2025-050,UADD,2025,50,Indore,452001,114.4,2025-05-17
MPMKVV-2025-026,MPMKVV,2025,26,Rewa,486001,72.04,2025-06-04
PWD-2025-028,PWD,2025,28,Dewas,455001,68.56,2025-12-01
PWD-2025-029,PWD,2025,29,Indore,452001,89.41,2025-10-24
UADD-2025-051,UADD,2025,51,Sagar,470001,100.79,2025-01-25
MPRDC-2025-024,MPRDC,2025,24,Sagar,470001,111.88,2025-09-05
PWD-2025-030,PWD,2025,30,Ujjain,456001,135.61,2025-10-05
MPRDC-2025-025,MPRDC,2025,25,Indore,452001,123.48,2025-06-17
MPRDC-2025-026,MPRDC,2025,26,Indore,452001,38.69,2025-09-01
PWD-2025-031,PWD,2025,31,Bhopal,462001,138.61,2025-12-26
PHED-2025-040,PHED,2025,40,Chhindwara,480001,84.92,2025-09-28
MPRDC-2025-027,MPRDC,2025,27,Indore,452001,1.54,2025-05-30
PWD-2025-032,PWD,2025,32,Sagar,470001,64.88,2025-07-13
PWD-2025-033,PWD,2025,33,Ujjain,456001,34.36,2025-08-03
MPRDC-2025-028,MPRDC,2025,28,Bhopal,462001,69.84,2025-08-01
MPMKVV-2025-027,MPMKVV,2025,27,Vidisha,464001,27.62,2025-02-18
PWD-2025-034,PWD,2025,34,Katni,483501,100.24,2025-02-15
PWD-2025-035,PWD,2025,35,Jabalpur,482001,91.65,2025-01-20
PHED-2025-041,PHED,2025,41,Jabalpur,482001,49.01,2025-08-16
WRD-2025-032,WRD,2025,32,Bhopal,462001,109.13,2025-07-06
PHED-2025-042,PHED,2025,42,Indore,452001,6.6,2025-07-23
PHED-2025-043,PHED,2025,43,Dewas,455001,113.25,2025-10-11
WRD-2025-033,WRD,2025,33,Singrauli,486881,145.43,2025-03-12
PWD-2025-036,PWD,2025,36,Vidisha,464001,23.29,2025-07-05
PWD-2025-037,PWD,2025,37,Sagar,470001,68.8,2025-12-04
MPMKVV-2025-028,MPMKVV,2025,28,Guna,473001,60.79,2025-08-20
MPRDC-2025-029,MPRDC,2025,29,Indore,452001,90.17,2025-08-20
WRD-2025-034,WRD,2025,34,Morena,476001,98.08,2025-04-25
WRD-2025-035,WRD,2025,35,Bhopal,462001,80.89,2025-01-17
UADD-2025-052,UADD,2025,52,Bhind,477001,143.0,2025-12-23
MPMKVV-2025-029,MPMKVV,2025,29,Jabalpur,482001,83.91,2025-10-01
MPRDC-2025-030,MPRDC,2025,30,Jabalpur,482001,17.49,2025-01-08
PWD-2025-038,PWD,2025,38,Bhopal,462001,8.7,2025-03-12
PHED-2025-044,PHED,2025,44,Ratlam,457001,1.32,2025-01-11
MPMKVV-2025-030,MPMKVV,2025,30,Bhind,477001,4.27,2025-02-04
MPRDC-2025-031,MPRDC,2025,31,Sagar,470001,120.89,2025-04-13
MPMKVV-2025-031,MPMKVV,2025,31,Rewa,486001,18.71,2025-05-31
WRD-2025-036,WRD,2025,36,Ujjain,456001,42.63,2025-01-17
UADD-2025-053,UADD,2025,53,Gwalior,474001,62.18,2025-03-06
MPMKVV-2025-032,MPMKVV,2025,32,Jabalpur,482001,73.32,2025-03-05
PHED-2025-045,PHED,2025,45,Gwalior,474001,59.27,2025-11-06
MPMKVV-2025-033,MPMKVV,2025,33,Jabalpur,482001,105.56,2025-10-06
PHED-2025-046,PHED,2025,46,Gwalior,474001,93.33,2025-09-30
MPRDC-2025-032,MPRDC,2025,32,Bhopal,462001,95.12,2025-09-10
UADD-2025-054,UADD,2025,54,Ujjain,456001,79.38,2025-08-05
MPMKVV-2025-034,MPMKVV,2025,34,Singrauli,486881,133.6,2025-10-05
PHED-2025-047,PHED,2025,47,Katni,483501,12.57,2025-10-24
WRD-2025-037,WRD,2025,37,Shivpuri,473551,54.14,2025-06-02
WRD-2025-038,WRD,2025,38,Dewas,455001,148.46,2025-10-12
MPMKVV-2025-035,MPMKVV,2025,35,Chhindwara,480001,62.23,2025-03-01
MPRDC-2025-033,MPRDC,2025,33,Sagar,470001,125.61,2025-07-05
MPMKVV-2025-036,MPMKVV,2025,36,Gwalior,474001,74.07,2025-03-09
MPMKVV-2025-037,MPMKVV,2025,37,Shivpuri,473551,136.24,2025-03-12
WRD-2025-039,WRD,2025,39,Chhindwara,480001,44.24,2025-02-19
PWD-2025-039,PWD,2025,39,Indore,452001,1.84,2025-12-23
PHED-2025-048,PHED,2025,48,Jabalpur,482001,115.81,2025-12-10
PWD-2025-040,PWD,2025,40,Gwalior,474001,54.74,2025-11-27
PWD-2025-041,PWD,2025,41,Bhopal,462001,124.09,2025-06-25
PHED-2025-049,PHED,2025,49,Jabalpur,482001,56.67,2025-03-04
PHED-2025-050,PHED,2025,50,Gwalior,474001,67.67,2025-02-27
PWD-2025-042,PWD,2025,42,Ujjain,456001,137.0,2025-02-14
MPMKVV-2025-038,MPMKVV,2025,38,Singrauli,486881,91.25,2025-05-11
PHED-2025-051,PHED,2025,51,Bhopal,462001,22.42,2025-03-11
MPRDC-2025-034,MPRDC,2025,34,Indore,452001,77.6,2025-02-11
PWD-2025-043,PWD,2025,43,Singrauli,486881,111.48,2025-06-10
MPMKVV-2025-039,MPMKVV,2025,39,Khandwa,450001,32.9,2025-11-02
PWD-2025-044,PWD,2025,44,Indore,452001,45.47,2025-09-29
MPMKVV-2025-040,MPMKVV,2025,40,Indore,452001,5.08,2025-08-12
UADD-2025-055,UADD,2025,55,Gwalior,474001,107.89,2025-10-16
PHED-2025-052,PHED,2025,52,Satna,485001,80.49,2025-01-01
PWD-2025-045,PWD,2025,45,Satna,485001,145.64,2025-08-30
MPMKVV-2025-041,MPMKVV,2025,41,Ratlam,457001,75.39,2025-02-25
WRD-2025-040,WRD,2025,40,Bhopal,462001,49.39,2025-07-01
PHED-2025-053,PHED,2025,53,Satna,485001,134.33,2025-12-08
PWD-2025-046,PWD,2025,46,Singrauli,486881,89.22,2025-06-05
MPMKVV-2025-042,MPMKVV,2025,42,Jabalpur,482001,47.41,2025-12-08
WRD-2025-041,WRD,2025,41,Rewa,486001,94.34,2025-03-08
MPMKVV-2025-043,MPMKVV,2025,43,Indore,452001,56.83,2025-05-14
MPMKVV-2025-044,MPMKVV,2025,44,Bhopal,462001,128.5,2025-07-10
PHED-2025-054,PHED,2025,54,Rewa,486001,87.46,2025-11-14
PWD-2025-047,PWD,2025,47,Dewas,455001,113.38,2025-12-18
MPRDC-2025-035,MPRDC,2025,35,Katni,483501,98.04,2025-04-13
UADD-2025-056,UADD,2025,56,Jabalpur,482001,120.96,2025-03-30
MPMKVV-2025-045,MPMKVV,2025,45,Bhopal,462001,68.58,2025-02-06
MPRDC-2025-036,MPRDC,2025,36,Indore,452001,28.56,2025-06-09
PHED-2025-055,PHED,2025,55,Satna,485001,19.47,2025-11-25
MPMKVV-2025-046,MPMKVV,2025,46,Ratlam,457001,26.73,2025-05-21
WRD-2025-042,WRD,2025,42,Gwalior,474001,29.5,2025-07-14
MPRDC-2025-037,MPRDC,2025,37,Bhopal,462001,28.86,2025-05-08
MPMKVV-2025-047,MPMKVV,2025,47,Shivpuri,473551,114.22,2025-07-14
WRD-2025-043,WRD,2025,43,Bhopal,462001,108.31,2025-11-03
PHED-2025-056,PHED,2025,56,Jabalpur,482001,143.28,2025-05-19
WRD-2025-044,WRD,2025,44,Bhopal,462001,27.46,2025-05-28
PWD-2025-048,PWD,2025,48,Rewa,486001,99.62,2025-11-04
PHED-2025-057,PHED,2025,57,Rewa,486001,124.72,2025-10-25
WRD-2025-045,WRD,2025,45,Satna,485001,5.34,2025-12-11
PWD-2025-049,PWD,2025,49,Ujjain,456001,0.66,2025-07-16
MPRDC-2025-038,MPRDC,2025,38,Indore,452001,144.64,2025-08-03
MPRDC-2025-039,MPRDC,2025,39,Jabalpur,482001,27.58,2025-10-25
MPMKVV-2025-048,MPMKVV,2025,48,Chhindwara,480001,106.74,2025-04-26
PWD-2025-050,PWD,2025,50,Jabalpur,482001,93.64,2025-01-04
UADD-2025-057,UADD,2025,57,Gwalior,474001,91.02,2025-02-04
WRD-2025-046,WRD,2025,46,Rewa,486001,84.48,2025-07-24
UADD-2025-058,UADD,2025,58,Ratlam,457001,99.04,2025-04-02
WRD-2025-047,WRD,2025,47,Indore,452001,51.82,2025-01-23
PWD-2025-051,PWD,2025,51,Khandwa,450001,137.85,2025-08-11
UADD-2025-059,UADD,2025,59,Gwalior,474001,16.94,2025-05-15
